time,head_movement,leg_movement,tail_movement,wing_movement,head_movement_time_span,head_movement_time_start,leg_movement_time_span,leg_movement_time_start,wing_movement_time_span,wing_movement_time_start,tail_movement_time_span,tail_movement_time_start
0.0,,,,,,,,,,,,
1.0,,,,,,,,,,,,
2.0,,,,,,,,,,,,
3.0,True,,,,3.0,1.0,,,,,,
4.0,,True,,True,,,4.0,1.0,4.0,1.0,,
5.0,,,,,,,,,,,,
6.0,,,,,,,,,,,,
7.0,,,,,,,,,,,,
8.0,True,,True,,5.0,4.0,,,,,3.0,6.0
9.0,,,,,,,,,,,,
10.0,,,,,,,,,,,,
11.0,,,,,,,,,,,,
12.0,,,,,,,,,,,,
13.0,True,,,,10.0,4.0,,,,,,
14.0,,,True,,,,,,,,14.0,1.0
15.0,,,,,,,,,,,,
16.0,,,,,,,,,,,,
17.0,,,,,,,,,,,,
18.0,,,,,,,,,,,,
19.0,,,,,,,,,,,,
20.0,,,,,,,,,,,,
21.0,True,,True,,15.0,7.0,,,,,16.0,6.0
22.0,,,,,,,,,,,,
23.0,,,,,,,,,,,,
24.0,,,,,,,,,,,,
25.0,,,,,,,,,,,,
26.0,True,,,,26.0,1.0,,,,,,
27.0,,,,,,,,,,,,
28.0,,,,,,,,,,,,
29.0,,,,,,,,,,,,
30.0,,,,,,,,,,,,
31.0,,,True,,,,,,,,26.0,6.0
32.0,,,,,,,,,,,,
33.0,,,,,,,,,,,,
34.0,,,,,,,,,,,,
35.0,,,,,,,,,,,,
36.0,,,,,,,,,,,,
37.0,,,,,,,,,,,,
38.0,,,,,,,,,,,,
39.0,,,,,,,,,,,,
40.0,,,,,,,,,,,,
41.0,,,,,,,,,,,,
42.0,,,,,,,,,,,,
43.0,,,,,,,,,,,,
44.0,,,,,,,,,,,,
45.0,,,,,,,,,,,,
46.0,,,,,,,,,,,,
47.0,,,,,,,,,,,,
48.0,,,,,,,,,,,,
49.0,,,,,,,,,,,,
50.0,,,,,,,,,,,,
51.0,,,,,,,,,,,,
52.0,,,,,,,,,,,,
53.0,,,,,,,,,,,,
54.0,,,,,,,,,,,,
55.0,,,,,,,,,,,,
56.0,,,,,,,,,,,,
57.0,,,,,,,,,,,,
58.0,,,,,,,,,,,,
59.0,,,,,,,,,,,,
60.0,True,True,True,,32.0,29.0,60.0,1.0,,,60.0,1.0
61.0,,,,,,,,,,,,
62.0,,,,,,,,,,,,
63.0,,,,,,,,,,,,
64.0,,,,,,,,,,,,
65.0,,,,,,,,,,,,
66.0,,,,,,,,,,,,
67.0,,,,,,,,,,,,
68.0,,,,,,,,,,,,
69.0,,,,,,,,,,,,
70.0,,,,,,,,,,,,
71.0,,,True,,,,,,,,66.0,6.0
72.0,True,,,,67.0,6.0,,,,,,
73.0,,,,,,,,,,,,
74.0,,,,,,,,,,,,
75.0,,,,,,,,,,,,
76.0,,,,,,,,,,,,
77.0,,,,,,,,,,,,
78.0,,,True,,,,,,,,77.0,2.0
79.0,,,,,,,,,,,,
80.0,,,,,,,,,,,,
81.0,,,,,,,,,,,,
82.0,,,,,,,,,,,,
83.0,True,,True,,78.0,6.0,,,,,83.0,1.0
84.0,,,,,,,,,,,,
85.0,,,True,,,,,,,,85.0,1.0
86.0,,,,,,,,,,,,
87.0,,,,,,,,,,,,
88.0,,,,,,,,,,,,
89.0,,,,,,,,,,,,
90.0,,,,,,,,,,,,
91.0,True,,,,89.0,3.0,,,,,,
92.0,,,,,,,,,,,,
93.0,,,,,,,,,,,,
94.0,,,,,,,,,,,,
95.0,,,,,,,,,,,,
96.0,,,True,,,,,,,,92.0,5.0
97.0,True,,,,96.0,2.0,,,,,,
98.0,,,,,,,,,,,,
99.0,,,,,,,,,,,,
100.0,,,,,,,,,,,,
101.0,,,,,,,,,,,,
102.0,,,True,,,,,,,,102.0,1.0
103.0,,,,,,,,,,,,
104.0,,,,,,,,,,,,
105.0,,,,,,,,,,,,
106.0,,,,,,,,,,,,
107.0,,,,,,,,,,,,
108.0,,,,,,,,,,,,
109.0,,,,,,,,,,,,
110.0,,,,,,,,,,,,
111.0,,,,,,,,,,,,
112.0,,,True,,,,,,,,109.0,4.0
113.0,True,,,,103.0,11.0,,,,,,
114.0,,,True,,,,,,,,114.0,1.0
115.0,,,,,,,,,,,,
116.0,,,,,,,,,,,,
117.0,,,,,,,,,,,,
118.0,,,,,,,,,,,,
119.0,True,,True,,115.0,5.0,,,,,119.0,1.0
120.0,,True,,True,,,120.0,1.0,120.0,1.0,,
121.0,,,,,,,,,,,,
122.0,,,,,,,,,,,,
123.0,,,,,,,,,,,,
124.0,,,,,,,,,,,,
125.0,True,,,,121.0,5.0,,,,,,
126.0,,,,,,,,,,,,
127.0,,,,,,,,,,,,
128.0,,,,,,,,,,,,
129.0,,,,,,,,,,,,
130.0,,,,,,,,,,,,
131.0,,,,,,,,,,,,
132.0,,,,,,,,,,,,
133.0,,,,,,,,,,,,
134.0,,,,,,,,,,,,
135.0,True,,,,131.0,5.0,,,,,,
136.0,,,,,,,,,,,,
137.0,,,,,,,,,,,,
138.0,,,,,,,,,,,,
139.0,,,,,,,,,,,,
140.0,True,,,,140.0,1.0,,,,,,
141.0,,,,,,,,,,,,
142.0,,,,,,,,,,,,
143.0,,,,,,,,,,,,
144.0,,,,,,,,,,,,
145.0,,,True,,,,,,,,121.0,25.0
146.0,True,,,,145.0,2.0,,,,,,
147.0,,,,,,,,,,,,
148.0,,,,,,,,,,,,
149.0,,,,,,,,,,,,
150.0,,,True,,,,,,,,147.0,4.0
151.0,True,,,,150.0,2.0,,,,,,
152.0,,,,,,,,,,,,
153.0,,,,,,,,,,,,
154.0,,,,,,,,,,,,
155.0,,,,,,,,,,,,
156.0,True,,,,156.0,1.0,,,,,,
157.0,,,,,,,,,,,,
158.0,,,,,,,,,,,,
159.0,,,,,,,,,,,,
160.0,,,,,,,,,,,,
161.0,True,,True,,161.0,1.0,,,,,157.0,5.0
162.0,,,,,,,,,,,,
163.0,,,,,,,,,,,,
164.0,,,,,,,,,,,,
165.0,,,,,,,,,,,,
166.0,True,,,,166.0,1.0,,,,,,
167.0,,,,,,,,,,,,
168.0,,,,,,,,,,,,
169.0,,,,,,,,,,,,
170.0,,,,,,,,,,,,
171.0,,,True,,,,,,,,167.0,5.0
172.0,True,,,,172.0,1.0,,,,,,
173.0,,,,,,,,,,,,
174.0,True,,,,174.0,1.0,,,,,,
175.0,,,True,,,,,,,,173.0,3.0
176.0,,,,,,,,,,,,
177.0,True,,True,,176.0,2.0,,,,,177.0,1.0
178.0,,,,,,,,,,,,
179.0,True,,,,179.0,1.0,,,,,,
180.0,,,,,,,,,,,,
181.0,,,,,,,,,,,,
182.0,True,,True,,181.0,2.0,,,,,182.0,1.0
183.0,,,,,,,,,,,,
184.0,,,,,,,,,,,,
185.0,,,,,,,,,,,,
186.0,,,,,,,,,,,,
187.0,True,,,,187.0,1.0,,,,,,
188.0,,,True,,,,,,,,184.0,5.0
189.0,,,,,,,,,,,,
190.0,True,,True,,190.0,1.0,,,,,190.0,1.0
191.0,,,,,,,,,,,,
192.0,True,,,,192.0,1.0,,,,,,
193.0,,,,,,,,,,,,
194.0,,,True,,,,,,,,194.0,1.0
195.0,,,,,,,,,,,,
196.0,,,,,,,,,,,,
197.0,,,,,,,,,,,,
198.0,True,,,,198.0,1.0,,,,,,
199.0,,,,,,,,,,,,
200.0,,,,,,,,,,,,
201.0,True,,True,,201.0,1.0,,,,,200.0,2.0
202.0,,,,,,,,,,,,
203.0,,,,,,,,,,,,
204.0,True,,True,,203.0,2.0,,,,,204.0,1.0
205.0,,,,,,,,,,,,
206.0,,,,,,,,,,,,
207.0,,,,,,,,,,,,
208.0,,,True,,,,,,,,208.0,1.0
209.0,True,,,,209.0,1.0,,,,,,
210.0,,,,,,,,,,,,
211.0,,,,,,,,,,,,
212.0,,,,,,,,,,,,
213.0,,,,,,,,,,,,
214.0,True,,True,,214.0,1.0,,,,,211.0,4.0
215.0,,,,,,,,,,,,
216.0,,,,,,,,,,,,
217.0,,,,,,,,,,,,
218.0,,,,,,,,,,,,
219.0,,,,,,,,,,,,
220.0,,,,,,,,,,,,
221.0,,,,,,,,,,,,
222.0,,,,,,,,,,,,
223.0,,,True,,,,,,,,218.0,6.0
224.0,,,,,,,,,,,,
225.0,,,,,,,,,,,,
226.0,,,,,,,,,,,,
227.0,,,,,,,,,,,,
228.0,,,,,,,,,,,,
229.0,,,True,,,,,,,,227.0,3.0
230.0,True,,,,221.0,10.0,,,,,,
231.0,,,True,,,,,,,,231.0,1.0
232.0,True,,,,232.0,1.0,,,,,,
233.0,,,True,,,,,,,,233.0,1.0
234.0,,,,,,,,,,,,
235.0,,,True,,,,,,,,235.0,1.0
236.0,,,,,,,,,,,,
237.0,,,,,,,,,,,,
238.0,,,,,,,,,,,,
239.0,,,True,,,,,,,,237.0,3.0
240.0,True,,,,236.0,5.0,,,,,,
241.0,,,True,,,,,,,,241.0,1.0
242.0,,,,,,,,,,,,
243.0,,,True,,,,,,,,243.0,1.0
244.0,,,,,,,,,,,,
245.0,True,,True,,243.0,3.0,,,,,245.0,1.0
246.0,,,,,,,,,,,,
247.0,,,,,,,,,,,,
248.0,,,,,,,,,,,,
249.0,,,True,,,,,,,,247.0,3.0
250.0,,,,,,,,,,,,
251.0,,,True,,,,,,,,251.0,1.0
252.0,True,,,,252.0,1.0,,,,,,
253.0,,,,,,,,,,,,
254.0,,,True,,,,,,,,254.0,1.0
255.0,,,,,,,,,,,,
256.0,,,True,,,,,,,,256.0,1.0
257.0,,,,,,,,,,,,
258.0,,,,,,,,,,,,
259.0,,,,,,,,,,,,
260.0,True,,True,,256.0,5.0,,,,,260.0,1.0
261.0,,,,,,,,,,,,
262.0,,,True,,,,,,,,262.0,1.0
263.0,True,,,,263.0,1.0,,,,,,
264.0,,,,,,,,,,,,
265.0,,,,,,,,,,,,
266.0,,,True,,,,,,,,266.0,1.0
267.0,True,,,,265.0,3.0,,,,,,
268.0,,,True,,,,,,,,268.0,1.0
269.0,,,,,,,,,,,,
270.0,,,,,,,,,,,,
271.0,,,,,,,,,,,,
272.0,,,True,,,,,,,,272.0,1.0
273.0,,,,,,,,,,,,
274.0,True,,True,,273.0,2.0,,,,,274.0,1.0
275.0,,,,,,,,,,,,
276.0,,,,,,,,,,,,
277.0,True,,True,,276.0,2.0,,,,,277.0,1.0
278.0,,,,,,,,,,,,
279.0,,,,,,,,,,,,
280.0,,,,,,,,,,,,
281.0,,,,,,,,,,,,
282.0,,,,,,,,,,,,
283.0,,,,,,,,,,,,
284.0,True,,True,,279.0,6.0,,,,,284.0,1.0
285.0,,,,,,,,,,,,
286.0,,,,,,,,,,,,
287.0,True,,True,,286.0,2.0,,,,,287.0,1.0
288.0,,,,,,,,,,,,
289.0,,,True,,,,,,,,289.0,1.0
290.0,,,,,,,,,,,,
291.0,True,,,,291.0,1.0,,,,,,
292.0,,,True,,,,,,,,291.0,2.0
293.0,,,,,,,,,,,,
294.0,,,,,,,,,,,,
295.0,,,,,,,,,,,,
296.0,,,,,,,,,,,,
297.0,,,,,,,,,,,,
298.0,True,,True,,297.0,2.0,,,,,298.0,1.0
299.0,,,,,,,,,,,,
300.0,,,,,,,,,,,,
301.0,,,,,,,,,,,,
302.0,,,,,,,,,,,,
303.0,,,,,,,,,,,,
304.0,,,,,,,,,,,,
305.0,,,,,,,,,,,,
306.0,,,,,,,,,,,,
307.0,,,,,,,,,,,,
308.0,True,,,,302.0,7.0,,,,,,
309.0,,,True,,,,,,,,303.0,7.0
310.0,,,,,,,,,,,,
311.0,True,,True,,311.0,1.0,,,,,311.0,1.0
312.0,,,,,,,,,,,,
313.0,,,,,,,,,,,,
314.0,,,True,,,,,,,,314.0,1.0
315.0,,,,,,,,,,,,
316.0,,,,,,,,,,,,
317.0,,,,,,,,,,,,
318.0,,,,,,,,,,,,
319.0,True,,,,313.0,7.0,,,,,,
320.0,,,,,,,,,,,,
321.0,,,True,,,,,,,,321.0,1.0
322.0,,,,,,,,,,,,
323.0,True,,True,,323.0,1.0,,,,,323.0,1.0
324.0,,,,,,,,,,,,
325.0,,,,,,,,,,,,
326.0,,,,,,,,,,,,
327.0,,,,,,,,,,,,
328.0,,,,,,,,,,,,
329.0,True,,True,,325.0,5.0,,,,,325.0,5.0
330.0,,True,,,,,152.0,179.0,,,,
331.0,,,,,,,,,,,,
332.0,,,,,,,,,,,,
333.0,True,,,,332.0,2.0,,,,,,
334.0,,,True,,,,,,,,333.0,2.0
335.0,,,,,,,,,,,,
336.0,True,,True,,335.0,2.0,,,,,336.0,1.0
337.0,,,,,,,,,,,,
338.0,,,,,,,,,,,,
339.0,,,,,,,,,,,,
340.0,,,True,,,,,,,,340.0,1.0
341.0,True,,,,340.0,2.0,,,,,,
342.0,,,,,,,,,,,,
343.0,,,,,,,,,,,,
344.0,,,True,,,,,,,,342.0,3.0
345.0,,,,,,,,,,,,
346.0,True,,True,,345.0,2.0,,,,,346.0,1.0
347.0,,,,,,,,,,,,
348.0,,,,,,,,,,,,
349.0,,,,,,,,,,,,
350.0,,,,,,,,,,,,
351.0,,,,,,,,,,,,
352.0,,,,,,,,,,,,
353.0,,,,,,,,,,,,
354.0,,,,,,,,,,,,
355.0,,,,,,,,,,,,
356.0,,,,,,,,,,,,
357.0,True,,True,,354.0,4.0,,,,,353.0,5.0
358.0,,,,,,,,,,,,
359.0,,,True,,,,,,,,359.0,1.0
360.0,,,,,,,,,,,,
361.0,True,,True,,360.0,2.0,,,,,361.0,1.0
362.0,,,,,,,,,,,,
363.0,,,,,,,,,,,,
364.0,,,,,,,,,,,,
365.0,,,True,,,,,,,,365.0,1.0
366.0,True,,,,365.0,2.0,,,,,,
367.0,,,,,,,,,,,,
368.0,,,True,,,,,,,,368.0,1.0
369.0,True,,,,369.0,1.0,,,,,,
370.0,,,True,,,,,,,,370.0,1.0
371.0,,,,,,,,,,,,
372.0,,,True,,,,,,,,372.0,1.0
373.0,True,,,,373.0,1.0,,,,,,
374.0,,,,,,,,,,,,
375.0,,,True,,,,,,,,375.0,1.0
376.0,,,,,,,,,,,,
377.0,True,,True,,375.0,3.0,,,,,377.0,1.0
378.0,,,,,,,,,,,,
379.0,True,,,,379.0,1.0,,,,,,
380.0,,,True,,,,,,,,380.0,1.0
381.0,,,,,,,,,,,,
382.0,,,True,,,,,,,,382.0,1.0
383.0,,,,,,,,,,,,
384.0,True,,True,,382.0,3.0,,,,,384.0,1.0
385.0,,,,,,,,,,,,
386.0,,,,,,,,,,,,
387.0,,,,,,,,,,,,
388.0,True,,,,386.0,3.0,,,,,,
389.0,,,,,,,,,,,,
390.0,,,,,,,,,,,,
391.0,,,,,,,,,,,,
392.0,,,True,,,,,,,,386.0,7.0
393.0,True,,,,390.0,4.0,,,,,,
394.0,,,,,,,,,,,,
395.0,,,,,,,,,,,,
396.0,,,,,,,,,,,,
397.0,,,,,,,,,,,,
398.0,True,,,,395.0,4.0,,,,,,
399.0,,,,,,,,,,,,
400.0,,,,,,,,,,,,
401.0,,,,,,,,,,,,
402.0,,,True,,,,,,,,398.0,5.0
403.0,True,,,,400.0,4.0,,,,,,
404.0,,,,,,,,,,,,
405.0,,,,,,,,,,,,
406.0,,,,,,,,,,,,
407.0,,,,,,,,,,,,
408.0,True,,,,405.0,4.0,,,,,,
409.0,,,,,,,,,,,,
410.0,,,,,,,,,,,,
411.0,,,,,,,,,,,,
412.0,,,,,,,,,,,,
413.0,,,,,,,,,,,,
414.0,True,,True,,410.0,5.0,,,,,408.0,7.0
415.0,,,,,,,,,,,,
416.0,,,,,,,,,,,,
417.0,,,,,,,,,,,,
418.0,,,,,,,,,,,,
419.0,,,,,,,,,,,,
420.0,,,,,,,,,,,,
421.0,,,,,,,,,,,,
422.0,,,True,,,,,,,,418.0,5.0
423.0,,,,,,,,,,,,
424.0,,,,,,,,,,,,
425.0,True,,,,418.0,8.0,,,,,,
426.0,,,True,,,,,,,,426.0,1.0
427.0,,,,,,,,,,,,
428.0,,,,,,,,,,,,
429.0,,,,,,,,,,,,
430.0,True,,True,,428.0,3.0,,,,,428.0,3.0
431.0,,,,,,,,,,,,
432.0,,,True,,,,,,,,432.0,1.0
433.0,,,,,,,,,,,,
434.0,,,,,,,,,,,,
435.0,True,,,,433.0,3.0,,,,,,
436.0,,,,,,,,,,,,
437.0,,,True,,,,,,,,437.0,1.0
438.0,True,True,,True,437.0,2.0,332.0,107.0,152.0,287.0,,
439.0,,,,,,,,,,,,
440.0,,,,,,,,,,,,
441.0,,,,,,,,,,,,
442.0,,,,,,,,,,,,
443.0,,,,,,,,,,,,
444.0,True,,,,440.0,5.0,,,,,,
445.0,,,True,,,,,,,,439.0,7.0
446.0,,,,,,,,,,,,
447.0,,,,,,,,,,,,
448.0,,,,,,,,,,,,
449.0,True,,,,446.0,4.0,,,,,,
450.0,,,True,,,,,,,,447.0,4.0
451.0,True,,,,451.0,1.0,,,,,,
452.0,,,,,,,,,,,,
453.0,,,,,,,,,,,,
454.0,,,,,,,,,,,,
455.0,,,True,,,,,,,,453.0,3.0
456.0,True,,,,456.0,1.0,,,,,,
457.0,,,,,,,,,,,,
458.0,,,,,,,,,,,,
459.0,,,,,,,,,,,,
460.0,,,True,,,,,,,,458.0,3.0
461.0,True,,,,461.0,1.0,,,,,,
462.0,,,,,,,,,,,,
463.0,,,,,,,,,,,,
464.0,,,,,,,,,,,,
465.0,,,,,,,,,,,,
466.0,,,,,,,,,,,,
467.0,,,,,,,,,,,,
468.0,,,,,,,,,,,,
469.0,,,,,,,,,,,,
470.0,True,,True,True,468.0,3.0,,,440.0,31.0,463.0,8.0
471.0,,,,,,,,,,,,
472.0,,,,,,,,,,,,
473.0,,,True,,,,,,,,473.0,1.0
474.0,True,,,,474.0,1.0,,,,,,
475.0,,,,,,,,,,,,
476.0,,,,,,,,,,,,
477.0,,,,,,,,,,,,
478.0,,,,,,,,,,,,
479.0,True,,True,,476.0,4.0,,,,,476.0,4.0
480.0,,,,,,,,,,,,
481.0,,,,,,,,,,,,
482.0,,,,,,,,,,,,
483.0,,,,,,,,,,,,
484.0,,,,,,,,,,,,
485.0,,,,,,,,,,,,
486.0,,,,,,,,,,,,
487.0,True,,True,,484.0,4.0,,,,,484.0,4.0
488.0,,True,,,,,440.0,49.0,,,,
489.0,,,,,,,,,,,,
490.0,,,,,,,,,,,,
491.0,,,,True,,,,,489.0,3.0,,
492.0,,,True,,,,,,,,489.0,4.0
493.0,,,,,,,,,,,,
494.0,,,,,,,,,,,,
495.0,True,,,,492.0,4.0,,,,,,
496.0,,,,,,,,,,,,
497.0,,,,,,,,,,,,
498.0,,,,,,,,,,,,
499.0,,,True,,,,,,,,496.0,4.0
500.0,,,,,,,,,,,,
501.0,,,,,,,,,,,,
502.0,,,,,,,,,,,,
503.0,True,,,,500.0,4.0,,,,,,
504.0,,,,,,,,,,,,
505.0,,,,,,,,,,,,
506.0,,,,,,,,,,,,
507.0,,,True,,,,,,,,504.0,4.0
508.0,,,,,,,,,,,,
509.0,,,,,,,,,,,,
510.0,,,,,,,,,,,,
511.0,True,,,,508.0,4.0,,,,,,
512.0,,,,,,,,,,,,
513.0,,,,,,,,,,,,
514.0,,,,,,,,,,,,
515.0,,,,,,,,,,,,
516.0,,,,,,,,,,,,
517.0,,,,,,,,,,,,
518.0,,,,,,,,,,,,
519.0,True,,True,,513.0,7.0,,,,,512.0,8.0
520.0,,,,,,,,,,,,
521.0,,,,,,,,,,,,
522.0,,,,,,,,,,,,
523.0,,,,,,,,,,,,
524.0,,,True,,,,,,,,524.0,1.0
525.0,,,,,,,,,,,,
526.0,,,,,,,,,,,,
527.0,True,,,,524.0,4.0,,,,,,
528.0,,,True,,,,,,,,528.0,1.0
529.0,,,,,,,,,,,,
530.0,,,,,,,,,,,,
531.0,,,,,,,,,,,,
532.0,,,,,,,,,,,,
533.0,,,,,,,,,,,,
534.0,,,,,,,,,,,,
535.0,True,,True,,532.0,4.0,,,,,533.0,3.0
536.0,,,,,,,,,,,,
537.0,,,,,,,,,,,,
538.0,,,,,,,,,,,,
539.0,,,True,,,,,,,,537.0,3.0
540.0,,,,,,,,,,,,
541.0,,,,,,,,,,,,
542.0,,,,,,,,,,,,
543.0,True,,True,,540.0,4.0,,,,,541.0,3.0
544.0,,,,,,,,,,,,
545.0,,,,,,,,,,,,
546.0,,,,,,,,,,,,
547.0,,,True,,,,,,,,545.0,3.0
548.0,,,,,,,,,,,,
549.0,True,,True,,548.0,2.0,,,,,549.0,1.0
550.0,,,,,,,,,,,,
551.0,,,True,,,,,,,,551.0,1.0
552.0,True,,,,552.0,1.0,,,,,,
553.0,,,,,,,,,,,,
554.0,,,,,,,,,,,,
555.0,,,,,,,,,,,,
556.0,True,,,,556.0,1.0,,,,,,
557.0,,,,,,,,,,,,
558.0,,,,,,,,,,,,
559.0,,,,,,,,,,,,
560.0,,,,,,,,,,,,
561.0,,,,,,,,,,,,
562.0,,,,,,,,,,,,
563.0,,,True,,,,,,,,556.0,8.0
564.0,True,,,,564.0,1.0,,,,,,
565.0,,,,,,,,,,,,
566.0,,,,,,,,,,,,
567.0,,,,,,,,,,,,
568.0,True,,,,568.0,1.0,,,,,,
569.0,,,,,,,,,,,,
570.0,,,,,,,,,,,,
571.0,,,True,,,,,,,,568.0,4.0
572.0,True,,,,572.0,1.0,,,,,,
573.0,,,,,,,,,,,,
574.0,,,,,,,,,,,,
575.0,,,,,,,,,,,,
576.0,True,,,,576.0,1.0,,,,,,
577.0,,,,,,,,,,,,
578.0,,,,,,,,,,,,
579.0,,,True,,,,,,,,576.0,4.0
580.0,,,,,,,,,,,,
581.0,,,,,,,,,,,,
582.0,,,,,,,,,,,,
583.0,True,,True,,580.0,4.0,,,,,583.0,1.0
584.0,,,,,,,,,,,,
585.0,,,,,,,,,,,,
586.0,,,,,,,,,,,,
587.0,,,,,,,,,,,,
588.0,,,,,,,,,,,,
589.0,,,,,,,,,,,,
590.0,,,,,,,,,,,,
591.0,,,,,,,,,,,,
592.0,,,,,,,,,,,,
593.0,,,,,,,,,,,,
594.0,,,,,,,,,,,,
595.0,True,,True,,588.0,8.0,,,,,588.0,8.0
596.0,,,,,,,,,,,,
597.0,,,,,,,,,,,,
598.0,,,,,,,,,,,,
599.0,,,,,,,,,,,,
600.0,,,,,,,,,,,,
601.0,,,,,,,,,,,,
602.0,True,,,,602.0,1.0,,,,,,
603.0,,,,,,,,,,,,
604.0,,,,,,,,,,,,
605.0,,,,,,,,,,,,
606.0,,,,,,,,,,,,
607.0,,,,,,,,,,,,
608.0,,,,,,,,,,,,
609.0,,,,,,,,,,,,
610.0,,,,,,,,,,,,
611.0,,,True,,,,,,,,603.0,9.0
612.0,,,,,,,,,,,,
613.0,,,,,,,,,,,,
614.0,,,,,,,,,,,,
615.0,,,,,,,,,,,,
616.0,,,,,,,,,,,,
617.0,,,,,,,,,,,,
618.0,,,,,,,,,,,,
619.0,True,,,,612.0,8.0,,,,,,
620.0,,,,,,,,,,,,
621.0,,,,,,,,,,,,
622.0,,,,,,,,,,,,
623.0,,,True,,,,,,,,620.0,4.0
624.0,,,,,,,,,,,,
625.0,,,,,,,,,,,,
626.0,,,,,,,,,,,,
627.0,True,,True,,624.0,4.0,,,,,627.0,1.0
628.0,,,,,,,,,,,,
629.0,,,,,,,,,,,,
630.0,,,,,,,,,,,,
631.0,,,,,,,,,,,,
632.0,,,,,,,,,,,,
633.0,,,True,,,,,,,,629.0,5.0
634.0,True,,,,634.0,1.0,,,,,,
635.0,,,,,,,,,,,,
636.0,,,True,,,,,,,,636.0,1.0
637.0,True,,,,636.0,2.0,,,,,,
638.0,,,,,,,,,,,,
639.0,,,,,,,,,,,,
640.0,,,,,,,,,,,,
641.0,True,,,,639.0,3.0,,,,,,
642.0,,,,,,,,,,,,
643.0,True,,True,,643.0,1.0,,,,,642.0,2.0
644.0,,,,,,,,,,,,
645.0,,,True,,,,,,,,645.0,1.0
646.0,True,,,,646.0,1.0,,,,,,
647.0,,,,,,,,,,,,
648.0,,,,,,,,,,,,
649.0,,,,,,,,,,,,
650.0,,,True,,,,,,,,647.0,4.0
651.0,True,,,,651.0,1.0,,,,,,
652.0,,,True,,,,,,,,652.0,1.0
653.0,,,,,,,,,,,,
654.0,True,,,,654.0,1.0,,,,,,
655.0,,,,,,,,,,,,
656.0,,,,,,,,,,,,
657.0,,,,,,,,,,,,
658.0,True,,,,658.0,1.0,,,,,,
659.0,,,True,,,,,,,,658.0,2.0
660.0,True,,,,660.0,1.0,,,,,,
661.0,,,,,,,,,,,,
662.0,,,,,,,,,,,,
663.0,,,,,,,,,,,,
664.0,,,,,,,,,,,,
665.0,True,,True,,663.0,3.0,,,,,662.0,4.0
666.0,,,,True,,,,,493.0,174.0,,
667.0,True,True,,,667.0,1.0,667.0,1.0,,,,
668.0,,,,,,,,,,,,
669.0,,True,,,,,669.0,1.0,,,,
670.0,True,,,,670.0,1.0,,,,,,
671.0,,,,,,,,,,,,
672.0,,,,,,,,,,,,
673.0,,,True,,,,,,,,671.0,3.0
674.0,True,,,True,674.0,1.0,,,669.0,6.0,,
675.0,,True,,,,,675.0,1.0,,,,
676.0,,,True,,,,,,,,676.0,1.0
677.0,True,,,,676.0,2.0,,,,,,
678.0,,,,,,,,,,,,
679.0,,True,,,,,679.0,1.0,,,,
680.0,True,,True,,680.0,1.0,,,,,680.0,1.0
681.0,,,,,,,,,,,,
682.0,True,,,,682.0,1.0,,,,,,
683.0,,,True,,,,,,,,683.0,1.0
684.0,True,,,,684.0,1.0,,,,,,
685.0,,,,,,,,,,,,
686.0,True,,True,,686.0,1.0,,,,,686.0,1.0
687.0,,,,,,,,,,,,
688.0,,,,,,,,,,,,
689.0,,,,,,,,,,,,
690.0,,,True,,,,,,,,688.0,3.0
691.0,,,,,,,,,,,,
692.0,,,,,,,,,,,,
693.0,True,,,,691.0,3.0,,,,,,
694.0,,,,,,,,,,,,
695.0,True,,True,,695.0,1.0,,,,,694.0,2.0
696.0,,,,,,,,,,,,
697.0,True,,,,697.0,1.0,,,,,,
698.0,,,,,,,,,,,,
699.0,,,,,,,,,,,,
700.0,,,True,,,,,,,,697.0,4.0
701.0,True,,,,701.0,1.0,,,,,,
702.0,,,,,,,,,,,,
703.0,,,True,,,,,,,,703.0,1.0
704.0,True,,,True,703.0,2.0,,,679.0,26.0,,
705.0,,True,True,,,,705.0,1.0,,,705.0,1.0
706.0,,,,,,,,,,,,
707.0,,,,,,,,,,,,
708.0,True,,,,706.0,3.0,,,,,,
709.0,,,True,,,,,,,,709.0,1.0
710.0,,,,,,,,,,,,
711.0,,,True,,,,,,,,711.0,1.0
712.0,,,,,,,,,,,,
713.0,,,,,,,,,,,,
714.0,,,,,,,,,,,,
715.0,,,,,,,,,,,,
716.0,,,,,,,,,,,,
717.0,,,,,,,,,,,,
718.0,,,,,,,,,,,,
719.0,True,,True,,717.0,3.0,,,,,717.0,3.0
720.0,,,,,,,,,,,,
721.0,,,,,,,,,,,,
722.0,,,,,,,,,,,,
723.0,,,,,,,,,,,,
724.0,,,,,,,,,,,,
725.0,True,,True,,723.0,3.0,,,,,723.0,3.0
726.0,,,,,,,,,,,,
727.0,,,,,,,,,,,,
728.0,,,,,,,,,,,,
729.0,,,,,,,,,,,,
730.0,,,,,,,,,,,,
731.0,True,,True,,729.0,3.0,,,,,729.0,3.0
732.0,,,,,,,,,,,,
733.0,,,,,,,,,,,,
734.0,,,,,,,,,,,,
735.0,,,,,,,,,,,,
736.0,,,,,,,,,,,,
737.0,True,,True,,735.0,3.0,,,,,735.0,3.0
738.0,,,,,,,,,,,,
739.0,,,,,,,,,,,,
740.0,True,True,True,,739.0,2.0,740.0,1.0,,,739.0,2.0
741.0,,,,,,,,,,,,
742.0,,,,,,,,,,,,
743.0,,,,,,,,,,,,
744.0,,,,,,,,,,,,
745.0,,,,,,,,,,,,
746.0,True,,True,,744.0,3.0,,,,,744.0,3.0
747.0,,,,,,,,,,,,
748.0,,,True,,,,,,,,748.0,1.0
749.0,True,,,,748.0,2.0,,,,,,
750.0,,,,,,,,,,,,
751.0,,,,,,,,,,,,
752.0,,,,,,,,,,,,
753.0,True,,True,,753.0,1.0,,,,,753.0,1.0
754.0,,,,,,,,,,,,
755.0,True,,,,755.0,1.0,,,,,,
756.0,,,True,,,,,,,,756.0,1.0
757.0,True,,,,757.0,1.0,,,,,,
758.0,,,,,,,,,,,,
759.0,True,,True,,759.0,1.0,,,,,759.0,1.0
760.0,,,,,,,,,,,,
761.0,True,,,,761.0,1.0,,,,,,
762.0,,,True,,,,,,,,762.0,1.0
763.0,True,,,,763.0,1.0,,,,,,
764.0,,,,,,,,,,,,
765.0,True,,True,,765.0,1.0,,,,,765.0,1.0
766.0,,,,,,,,,,,,
767.0,True,,,,767.0,1.0,,,,,,
768.0,,,True,,,,,,,,768.0,1.0
769.0,True,,,,769.0,1.0,,,,,,
770.0,,,,,,,,,,,,
771.0,True,,True,,771.0,1.0,,,,,771.0,1.0
772.0,,,,,,,,,,,,
773.0,,,,,,,,,,,,
774.0,True,,True,,773.0,2.0,,,,,774.0,1.0
775.0,,,,,,,,,,,,
776.0,True,,,,776.0,1.0,,,,,,
777.0,,,True,,,,,,,,777.0,1.0
778.0,True,,,,778.0,1.0,,,,,,
779.0,,,,,,,,,,,,
780.0,True,,True,,780.0,1.0,,,,,780.0,1.0
781.0,,,,,,,,,,,,
782.0,True,,,,782.0,1.0,,,,,,
783.0,,,True,,,,,,,,782.0,2.0
784.0,,,,,,,,,,,,
785.0,True,,True,,784.0,2.0,,,,,785.0,1.0
786.0,,,,,,,,,,,,
787.0,True,,True,,787.0,1.0,,,,,787.0,1.0
788.0,,,,,,,,,,,,
789.0,True,,True,,789.0,1.0,,,,,789.0,1.0
790.0,,,,,,,,,,,,
791.0,True,,True,,791.0,1.0,,,,,791.0,1.0
792.0,,,,,,,,,,,,
793.0,True,,True,,793.0,1.0,,,,,793.0,1.0
794.0,,,,,,,,,,,,
795.0,,,,,,,,,,,,
796.0,,,,,,,,,,,,
797.0,True,,True,,795.0,3.0,,,,,795.0,3.0
798.0,,,,,,,,,,,,
799.0,,,,,,,,,,,,
800.0,,,,,,,,,,,,
801.0,True,,True,,801.0,1.0,,,,,801.0,1.0
802.0,,,,,,,,,,,,
803.0,,,True,,,,,,,,803.0,1.0
804.0,True,,,,804.0,1.0,,,,,,
805.0,,,True,,,,,,,,805.0,1.0
806.0,,,,,,,,,,,,
807.0,True,,True,,807.0,1.0,,,,,807.0,1.0
808.0,,,,,,,,,,,,
809.0,,,True,,,,,,,,809.0,1.0
810.0,True,,,,810.0,1.0,,,,,,
811.0,,,True,,,,,,,,811.0,1.0
812.0,,,,,,,,,,,,
813.0,,,,,,,,,,,,
814.0,,,,,,,,,,,,
815.0,True,,True,,813.0,3.0,,,,,813.0,3.0
816.0,,,,,,,,,,,,
817.0,,,,,,,,,,,,
818.0,,,,,,,,,,,,
819.0,True,,True,,819.0,1.0,,,,,819.0,1.0
820.0,,,,,,,,,,,,
821.0,,,True,,,,,,,,821.0,1.0
822.0,,,,,,,,,,,,
823.0,,,,,,,,,,,,
824.0,,,,,,,,,,,,
825.0,,,True,,,,,,,,823.0,3.0
826.0,,,,,,,,,,,,
827.0,,,,,,,,,,,,
828.0,True,,,,826.0,3.0,,,,,,
829.0,,,,,,,,,,,,
830.0,,,,,,,,,,,,
831.0,,,True,,,,,,,,829.0,3.0
832.0,,,,,,,,,,,,
833.0,,,,,,,,,,,,
834.0,True,,,,832.0,3.0,,,,,,
835.0,,,True,,,,,,,,835.0,1.0
836.0,True,,,True,836.0,1.0,,,706.0,131.0,,
837.0,,,,,,,,,,,,
838.0,,,,,,,,,,,,
839.0,,,,,,,,,,,,
840.0,,,True,,,,,,,,837.0,4.0
841.0,,,,,,,,,,,,
842.0,,,,,,,,,,,,
843.0,True,,,,841.0,3.0,,,,,,
844.0,,,True,,,,,,,,844.0,1.0
845.0,True,,,,845.0,1.0,,,,,,
846.0,,,,,,,,,,,,
847.0,True,,True,,847.0,1.0,,,,,847.0,1.0
848.0,,,,,,,,,,,,
849.0,True,,,,849.0,1.0,,,,,,
850.0,,,True,,,,,,,,850.0,1.0
851.0,True,,,,851.0,1.0,,,,,,
852.0,,,,,,,,,,,,
853.0,True,,True,,853.0,1.0,,,,,853.0,1.0
854.0,,,,,,,,,,,,
855.0,True,,,,855.0,1.0,,,,,,
856.0,,,True,,,,,,,,856.0,1.0
857.0,True,,,,857.0,1.0,,,,,,
858.0,,,,,,,,,,,,
859.0,True,,True,,859.0,1.0,,,,,859.0,1.0
860.0,,,,,,,,,,,,
861.0,True,,,,861.0,1.0,,,,,,
862.0,,,True,,,,,,,,862.0,1.0
863.0,True,,,,863.0,1.0,,,,,,
864.0,,,True,,,,,,,,864.0,1.0
865.0,True,,,,865.0,1.0,,,,,,
866.0,,,True,,,,,,,,866.0,1.0
867.0,True,,,,867.0,1.0,,,,,,
868.0,,,,,,,,,,,,
869.0,,,,,,,,,,,,
870.0,,,,,,,,,,,,
871.0,True,,True,,869.0,3.0,,,,,868.0,4.0
872.0,,,,,,,,,,,,
873.0,True,,True,,873.0,1.0,,,,,873.0,1.0
874.0,,,,,,,,,,,,
875.0,True,,True,,875.0,1.0,,,,,875.0,1.0
876.0,,,,,,,,,,,,
877.0,True,,True,,877.0,1.0,,,,,877.0,1.0
878.0,,,,,,,,,,,,
879.0,True,,,,879.0,1.0,,,,,,
880.0,,,True,,,,,,,,880.0,1.0
881.0,True,,,,881.0,1.0,,,,,,
882.0,,,True,,,,,,,,882.0,1.0
883.0,True,,,,883.0,1.0,,,,,,
884.0,,,True,,,,,,,,884.0,1.0
885.0,True,,,,885.0,1.0,,,,,,
886.0,,,,,,,,,,,,
887.0,,,,,,,,,,,,
888.0,,,True,,,,,,,,886.0,3.0
889.0,,,,,,,,,,,,
890.0,,,,,,,,,,,,
891.0,True,,,,889.0,3.0,,,,,,
892.0,,,,,,,,,,,,
893.0,,,,,,,,,,,,
894.0,,,True,,,,,,,,892.0,3.0
895.0,,,,,,,,,,,,
896.0,,,,,,,,,,,,
897.0,True,,,,895.0,3.0,,,,,,
898.0,,,True,,,,,,,,898.0,1.0
899.0,True,,,,899.0,1.0,,,,,,
900.0,,,True,,,,,,,,900.0,1.0
901.0,True,,,,901.0,1.0,,,,,,
902.0,,,True,,,,,,,,902.0,1.0
903.0,,,,,,,,,,,,
904.0,,,True,,,,,,,,904.0,1.0
905.0,True,,,,903.0,3.0,,,,,,
906.0,,,True,,,,,,,,906.0,1.0
907.0,True,,,,907.0,1.0,,,,,,
908.0,,,True,,,,,,,,908.0,1.0
909.0,True,,,,909.0,1.0,,,,,,
910.0,,,True,,,,,,,,910.0,1.0
911.0,True,,,,911.0,1.0,,,,,,
912.0,,,True,,,,,,,,912.0,1.0
913.0,True,,,,913.0,1.0,,,,,,
914.0,,,True,,,,,,,,914.0,1.0
915.0,True,,,,915.0,1.0,,,,,,
916.0,,,True,,,,,,,,916.0,1.0
917.0,True,,,,917.0,1.0,,,,,,
918.0,,,True,,,,,,,,918.0,1.0
919.0,True,,,,919.0,1.0,,,,,,
920.0,,,True,,,,,,,,920.0,1.0
921.0,True,,,,921.0,1.0,,,,,,
922.0,,,True,,,,,,,,922.0,1.0
923.0,True,,,,923.0,1.0,,,,,,
924.0,,,,,,,,,,,,
925.0,,,True,,,,,,,,924.0,2.0
926.0,,,,,,,,,,,,
927.0,True,,True,,925.0,3.0,,,,,927.0,1.0
928.0,,,,,,,,,,,,
929.0,True,,True,,929.0,1.0,,,,,929.0,1.0
930.0,,,,,,,,,,,,
931.0,,,,,,,,,,,,
932.0,,,,,,,,,,,,
933.0,,,,,,,,,,,,
934.0,,,,,,,,,,,,
935.0,,,,,,,,,,,,
936.0,True,,,,936.0,1.0,,,,,,
937.0,,,,,,,,,,,,
938.0,True,,,,938.0,1.0,,,,,,
939.0,,,,,,,,,,,,
940.0,True,,,,940.0,1.0,,,,,,
941.0,,,,,,,,,,,,
942.0,True,,,,942.0,1.0,,,,,,
943.0,,,,,,,,,,,,
944.0,True,,,,944.0,1.0,,,,,,
945.0,,,,,,,,,,,,
946.0,,,,,,,,,,,,
947.0,True,,,,946.0,2.0,,,,,,
948.0,,,True,,,,,,,,948.0,1.0
949.0,True,,,,949.0,1.0,,,,,,
950.0,,,,,,,,,,,,
951.0,True,,,,951.0,1.0,,,,,,
952.0,,,,,,,,,,,,
953.0,True,,,,953.0,1.0,,,,,,
954.0,,,,,,,,,,,,
955.0,True,,,,955.0,1.0,,,,,,
956.0,,,,,,,,,,,,
957.0,,,,,,,,,,,,
958.0,,,,,,,,,,,,
959.0,,,,,,,,,,,,
960.0,,,,,,,,,,,,
961.0,,,,,,,,,,,,
962.0,,,,,,,,,,,,
963.0,,,,,,,,,,,,
964.0,,,,,,,,,,,,
965.0,,,,,,,,,,,,
966.0,,,,,,,,,,,,
967.0,,,,,,,,,,,,
968.0,,,,,,,,,,,,
969.0,,,,,,,,,,,,
970.0,,,,,,,,,,,,
971.0,,,,,,,,,,,,
972.0,,,,,,,,,,,,
973.0,,,,,,,,,,,,
974.0,,,,,,,,,,,,
975.0,,,,,,,,,,,,
976.0,,,,,,,,,,,,
977.0,,,,,,,,,,,,
978.0,,,,,,,,,,,,
979.0,,,,,,,,,,,,
980.0,,,,,,,,,,,,
981.0,,,,,,,,,,,,
982.0,,,True,,,,,,,,970.0,13.0
983.0,,,,,,,,,,,,
984.0,,,,,,,,,,,,
985.0,,,,,,,,,,,,
986.0,,,,,,,,,,,,
987.0,True,,,,970.0,18.0,,,,,,
988.0,,,,,,,,,,,,
989.0,True,,,,989.0,1.0,,,,,,
990.0,,,,,,,,,,,,
991.0,,,,,,,,,,,,
992.0,,,,,,,,,,,,
993.0,,,,,,,,,,,,
994.0,,,,,,,,,,,,
995.0,,,,,,,,,,,,
996.0,,,,,,,,,,,,
997.0,,,,,,,,,,,,
998.0,,,,,,,,,,,,
999.0,,,,,,,,,,,,
1000.0,,,,,,,,,,,,
1001.0,,,,,,,,,,,,
1002.0,,,,,,,,,,,,
1003.0,,,,,,,,,,,,
1004.0,,,,,,,,,,,,
1005.0,,,,,,,,,,,,
1006.0,,,,,,,,,,,,
1007.0,,,,,,,,,,,,
1008.0,,,,,,,,,,,,
1009.0,,,,,,,,,,,,
1010.0,,,,,,,,,,,,
1011.0,,,,,,,,,,,,
1012.0,,,,,,,,,,,,
1013.0,,,True,,,,,,,,992.0,22.0
1014.0,,,,,,,,,,,,
1015.0,,,,,,,,,,,,
1016.0,,,,,,,,,,,,
1017.0,True,,,,991.0,27.0,,,,,,
1018.0,,,,,,,,,,,,
1019.0,True,,,,1019.0,1.0,,,,,,
1020.0,,,,,,,,,,,,
1021.0,True,,,,1021.0,1.0,,,,,,
1022.0,,,,,,,,,,,,
1023.0,True,,,,1023.0,1.0,,,,,,
1024.0,,,,,,,,,,,,
1025.0,True,,,,1025.0,1.0,,,,,,
1026.0,,,,,,,,,,,,
1027.0,True,,,,1027.0,1.0,,,,,,
1028.0,,,,,,,,,,,,
1029.0,True,,,,1029.0,1.0,,,,,,
1030.0,,,,,,,,,,,,
1031.0,,,,,,,,,,,,
1032.0,,,,,,,,,,,,
1033.0,,,,,,,,,,,,
1034.0,,,,,,,,,,,,
1035.0,True,,,,1034.0,2.0,,,,,,
1036.0,,,True,,,,,,,,1036.0,1.0
1037.0,True,,,,1037.0,1.0,,,,,,
1038.0,,,,,,,,,,,,
1039.0,True,,,,1039.0,1.0,,,,,,
1040.0,,,,,,,,,,,,
1041.0,,,,,,,,,,,,
1042.0,,,,,,,,,,,,
1043.0,,True,True,,,,837.0,207.0,,,1040.0,4.0
1044.0,,,,,,,,,,,,
1045.0,,True,True,,,,1045.0,1.0,,,1045.0,1.0
1046.0,,,,,,,,,,,,
1047.0,,True,True,,,,1047.0,1.0,,,1047.0,1.0
1048.0,,,,,,,,,,,,
1049.0,,True,True,,,,1049.0,1.0,,,1049.0,1.0
1050.0,True,,,,1050.0,1.0,,,,,,
1051.0,,True,True,,,,1051.0,1.0,,,1051.0,1.0
1052.0,,,,,,,,,,,,
1053.0,,,,,,,,,,,,
1054.0,,,,,,,,,,,,
1055.0,True,,,,1052.0,4.0,,,,,,
1056.0,,,,,,,,,,,,
1057.0,,True,True,,,,1056.0,2.0,,,1056.0,2.0
1058.0,True,,,,1058.0,1.0,,,,,,
1059.0,,,,,,,,,,,,
1060.0,True,True,True,,1060.0,1.0,1060.0,1.0,,,1060.0,1.0
1061.0,,,,,,,,,,,,
1062.0,,,True,,,,,,,,1062.0,1.0
1063.0,,,,,,,,,,,,
1064.0,True,,True,,1064.0,1.0,,,,,1064.0,1.0
1065.0,,,,,,,,,,,,
1066.0,,,,,,,,,,,,
1067.0,,,,,,,,,,,,
1068.0,,,,,,,,,,,,
1069.0,,,,,,,,,,,,
1070.0,,,,,,,,,,,,
1071.0,,,,,,,,,,,,
1072.0,,,,,,,,,,,,
1073.0,,,,,,,,,,,,
1074.0,,,,,,,,,,,,
1075.0,,,,,,,,,,,,
1076.0,,,,,,,,,,,,
1077.0,,,,,,,,,,,,
1078.0,,,,,,,,,,,,
1079.0,,,,,,,,,,,,
1080.0,,,,,,,,,,,,
1081.0,,,,,,,,,,,,
1082.0,,,,,,,,,,,,
1083.0,,,,,,,,,,,,
1084.0,,True,,,,,1077.0,8.0,,,,
1085.0,,,,,,,,,,,,
1086.0,,,,,,,,,,,,
1087.0,,,,,,,,,,,,
1088.0,,,,,,,,,,,,
1089.0,,,,,,,,,,,,
1090.0,,,,,,,,,,,,
1091.0,,,,,,,,,,,,
1092.0,,,,,,,,,,,,
1093.0,,,,,,,,,,,,
1094.0,True,,,,1090.0,5.0,,,,,,
1095.0,,,,,,,,,,,,
1096.0,,,,,,,,,,,,
1097.0,True,,,,1097.0,1.0,,,,,,
1098.0,,,,,,,,,,,,
1099.0,,,,,,,,,,,,
1100.0,,,,,,,,,,,,
1101.0,,,,,,,,,,,,
1102.0,,,,,,,,,,,,
1103.0,,,,,,,,,,,,
1104.0,,,,,,,,,,,,
1105.0,,,,,,,,,,,,
1106.0,,,,,,,,,,,,
1107.0,,,,,,,,,,,,
1108.0,,,,,,,,,,,,
1109.0,,,,,,,,,,,,
1110.0,,,,,,,,,,,,
1111.0,,,,,,,,,,,,
1112.0,,,,,,,,,,,,
1113.0,,,,,,,,,,,,
1114.0,,,,,,,,,,,,
1115.0,,,,,,,,,,,,
1116.0,,,,,,,,,,,,
1117.0,,,,,,,,,,,,
1118.0,,,,,,,,,,,,
1119.0,,True,,,,,1119.0,1.0,,,,
1120.0,,,,,,,,,,,,
1121.0,,,,,,,,,,,,
1122.0,,,,,,,,,,,,
1123.0,,,,,,,,,,,,
1124.0,,,,,,,,,,,,
1125.0,True,,True,True,1107.0,19.0,,,983.0,143.0,1066.0,60.0
1126.0,,True,,,,,1126.0,1.0,,,,
1127.0,True,,True,True,1127.0,1.0,,,1127.0,1.0,1127.0,1.0
1128.0,,True,,,,,1128.0,1.0,,,,
1129.0,True,,True,True,1129.0,1.0,,,1129.0,1.0,1129.0,1.0
1130.0,,True,,,,,1130.0,1.0,,,,
1131.0,True,,True,True,1131.0,1.0,,,1131.0,1.0,1131.0,1.0
1132.0,,True,,,,,1132.0,1.0,,,,
1133.0,True,,True,True,1133.0,1.0,,,1133.0,1.0,1133.0,1.0
1134.0,,True,,,,,1134.0,1.0,,,,
1135.0,True,,,,1135.0,1.0,,,,,,
1136.0,,,True,True,,,,,1135.0,2.0,1135.0,2.0
1137.0,True,True,,,1137.0,1.0,1137.0,1.0,,,,
1138.0,,,True,True,,,,,1138.0,1.0,1138.0,1.0
1139.0,True,True,,,1139.0,1.0,1139.0,1.0,,,,
1140.0,,,True,True,,,,,1140.0,1.0,1140.0,1.0
1141.0,True,True,,,1141.0,1.0,1141.0,1.0,,,,
1142.0,,,True,True,,,,,1142.0,1.0,1142.0,1.0
1143.0,True,True,,,1143.0,1.0,1143.0,1.0,,,,
1144.0,,,True,True,,,,,1144.0,1.0,1144.0,1.0
1145.0,True,True,,,1145.0,1.0,1145.0,1.0,,,,
1146.0,,,True,True,,,,,1146.0,1.0,1146.0,1.0
1147.0,True,True,,,1147.0,1.0,1147.0,1.0,,,,
1148.0,,,True,True,,,,,1148.0,1.0,1148.0,1.0
1149.0,,,,,,,,,,,,
1150.0,True,True,,,1149.0,2.0,1149.0,2.0,,,,
1151.0,,,True,True,,,,,1151.0,1.0,1151.0,1.0
1152.0,True,True,,,1152.0,1.0,1152.0,1.0,,,,
1153.0,,,True,True,,,,,1153.0,1.0,1153.0,1.0
1154.0,True,True,,,1154.0,1.0,1154.0,1.0,,,,
1155.0,,,,,,,,,,,,
1156.0,,,,,,,,,,,,
1157.0,True,,,,1157.0,1.0,,,,,,
1158.0,,,True,True,,,,,1155.0,4.0,1155.0,4.0
1159.0,True,True,,,1159.0,1.0,1159.0,1.0,,,,
1160.0,,,True,True,,,,,1160.0,1.0,1160.0,1.0
1161.0,True,True,,,1161.0,1.0,1161.0,1.0,,,,
1162.0,,,True,True,,,,,1162.0,1.0,1162.0,1.0
1163.0,True,True,,,1163.0,1.0,1163.0,1.0,,,,
1164.0,,,,,,,,,,,,
1165.0,True,,True,True,1165.0,1.0,,,1164.0,2.0,1164.0,2.0
1166.0,,True,,,,,1166.0,1.0,,,,
1167.0,True,,True,True,1167.0,1.0,,,1167.0,1.0,1167.0,1.0
1168.0,,True,,,,,1168.0,1.0,,,,
1169.0,True,,True,True,1169.0,1.0,,,1169.0,1.0,1169.0,1.0
1170.0,,True,,,,,1170.0,1.0,,,,
1171.0,True,,True,True,1171.0,1.0,,,1171.0,1.0,1171.0,1.0
1172.0,,,,,,,,,,,,
1173.0,,,,,,,,,,,,
1174.0,,,,,,,,,,,,
1175.0,,,,,,,,,,,,
1176.0,,,,True,,,,,1176.0,1.0,,
1177.0,,,,,,,,,,,,
1178.0,,,,,,,,,,,,
1179.0,,,,,,,,,,,,
1180.0,,,,,,,,,,,,
1181.0,,,,,,,,,,,,
1182.0,,,,,,,,,,,,
1183.0,,,,,,,,,,,,
1184.0,,,,,,,,,,,,
1185.0,,,,,,,,,,,,
1186.0,,,,,,,,,,,,
1187.0,,,,,,,,,,,,
1188.0,,,,,,,,,,,,
1189.0,,,,,,,,,,,,
1190.0,,,,,,,,,,,,
1191.0,True,,,,1191.0,1.0,,,,,,
1192.0,,,,,,,,,,,,
1193.0,,,,,,,,,,,,
1194.0,,,,,,,,,,,,
1195.0,,,,,,,,,,,,
1196.0,,,,,,,,,,,,
1197.0,,,,,,,,,,,,
1198.0,,,,,,,,,,,,
1199.0,,,,,,,,,,,,
1200.0,,,,,,,,,,,,
1201.0,True,,,,1201.0,1.0,,,,,,
1202.0,,,,,,,,,,,,
1203.0,True,,,,1203.0,1.0,,,,,,
1204.0,,,,,,,,,,,,
1205.0,,,,,,,,,,,,
1206.0,,,,,,,,,,,,
1207.0,,,,,,,,,,,,
1208.0,,,,,,,,,,,,
1209.0,,,,,,,,,,,,
1210.0,,,,,,,,,,,,
1211.0,,,,,,,,,,,,
1212.0,True,,,,1205.0,8.0,,,,,,
1213.0,,,,,,,,,,,,
1214.0,True,,,,1214.0,1.0,,,,,,
1215.0,,,,,,,,,,,,
1216.0,True,,,,1216.0,1.0,,,,,,
1217.0,,,,,,,,,,,,
1218.0,,,,,,,,,,,,
1219.0,,,,,,,,,,,,
1220.0,,,,,,,,,,,,
1221.0,,,,,,,,,,,,
1222.0,,,,,,,,,,,,
1223.0,,,,,,,,,,,,
1224.0,,,,,,,,,,,,
1225.0,,,,,,,,,,,,
1226.0,,,,,,,,,,,,
1227.0,True,,True,,1224.0,4.0,,,,,1217.0,11.0
1228.0,,,,,,,,,,,,
1229.0,True,,,,1229.0,1.0,,,,,,
1230.0,,,,,,,,,,,,
1231.0,True,,True,,1231.0,1.0,,,,,1230.0,2.0
1232.0,,,,,,,,,,,,
1233.0,True,,,,1233.0,1.0,,,,,,
1234.0,,,,,,,,,,,,
1235.0,,True,,,,,1172.0,64.0,,,,
1236.0,,,,True,,,,,1236.0,1.0,,
1237.0,True,True,,,1235.0,3.0,1237.0,1.0,,,,
1238.0,,,True,True,,,,,1238.0,1.0,1238.0,1.0
1239.0,True,True,,,1239.0,1.0,1239.0,1.0,,,,
1240.0,,,True,True,,,,,1240.0,1.0,1240.0,1.0
1241.0,,,,,,,,,,,,
1242.0,,,,,,,,,,,,
1243.0,,,,,,,,,,,,
1244.0,,,,,,,,,,,,
1245.0,,,,,,,,,,,,
1246.0,,,,,,,,,,,,
1247.0,,,True,,,,,,,,1247.0,1.0
1248.0,True,,,,1241.0,8.0,,,,,,
1249.0,,,True,,,,,,,,1249.0,1.0
1250.0,True,,,,1250.0,1.0,,,,,,
1251.0,,,True,,,,,,,,1251.0,1.0
1252.0,True,,,,1252.0,1.0,,,,,,
1253.0,,,True,,,,,,,,1253.0,1.0
1254.0,True,,,,1254.0,1.0,,,,,,
1255.0,,,True,,,,,,,,1255.0,1.0
1256.0,True,,,,1256.0,1.0,,,,,,
1257.0,,,True,,,,,,,,1257.0,1.0
1258.0,True,,,,1258.0,1.0,,,,,,
1259.0,,,True,,,,,,,,1259.0,1.0
1260.0,True,,,,1260.0,1.0,,,,,,
1261.0,,,True,,,,,,,,1261.0,1.0
1262.0,,,,,,,,,,,,
1263.0,,,,,,,,,,,,
1264.0,,,True,,,,,,,,1264.0,1.0
1265.0,True,,,,1262.0,4.0,,,,,,
1266.0,,,True,,,,,,,,1266.0,1.0
1267.0,True,,,,1267.0,1.0,,,,,,
1268.0,,,True,,,,,,,,1268.0,1.0
1269.0,True,,,,1269.0,1.0,,,,,,
1270.0,,,True,,,,,,,,1270.0,1.0
1271.0,True,,,,1271.0,1.0,,,,,,
1272.0,,,True,,,,,,,,1272.0,1.0
1273.0,,,,,,,,,,,,
1274.0,,,True,,,,,,,,1274.0,1.0
1275.0,,,,,,,,,,,,
1276.0,,,True,,,,,,,,1276.0,1.0
1277.0,True,,,,1273.0,5.0,,,,,,
1278.0,,,True,,,,,,,,1278.0,1.0
1279.0,,,,,,,,,,,,
1280.0,,,True,,,,,,,,1280.0,1.0
1281.0,,,,,,,,,,,,
1282.0,,,True,,,,,,,,1282.0,1.0
1283.0,,,,,,,,,,,,
1284.0,True,,,,1279.0,6.0,,,,,,
1285.0,,,True,,,,,,,,1285.0,1.0
1286.0,True,,,,1286.0,1.0,,,,,,
1287.0,,,True,,,,,,,,1287.0,1.0
1288.0,,,,,,,,,,,,
1289.0,,,True,,,,,,,,1289.0,1.0
1290.0,,,,,,,,,,,,
1291.0,,,True,,,,,,,,1291.0,1.0
1292.0,True,,,,1288.0,5.0,,,,,,
1293.0,,,True,,,,,,,,1293.0,1.0
1294.0,True,,,,1294.0,1.0,,,,,,
1295.0,,,True,,,,,,,,1295.0,1.0
1296.0,True,,,,1296.0,1.0,,,,,,
1297.0,,,True,,,,,,,,1297.0,1.0
1298.0,True,,,,1298.0,1.0,,,,,,
1299.0,,,True,,,,,,,,1299.0,1.0
1300.0,True,,,,1300.0,1.0,,,,,,
1301.0,,,True,,,,,,,,1301.0,1.0
1302.0,True,,,,1302.0,1.0,,,,,,
1303.0,,,,,,,,,,,,
1304.0,True,,True,,1304.0,1.0,,,,,1303.0,2.0
1305.0,,,,,,,,,,,,
1306.0,True,,True,,1306.0,1.0,,,,,1306.0,1.0
1307.0,,,,,,,,,,,,
1308.0,True,,True,,1308.0,1.0,,,,,1308.0,1.0
1309.0,,,,,,,,,,,,
1310.0,True,,True,,1310.0,1.0,,,,,1310.0,1.0
1311.0,,,,,,,,,,,,
1312.0,True,,True,,1312.0,1.0,,,,,1312.0,1.0
1313.0,,,,,,,,,,,,
1314.0,True,,True,,1314.0,1.0,,,,,1314.0,1.0
1315.0,,,,,,,,,,,,
1316.0,True,,True,,1316.0,1.0,,,,,1316.0,1.0
1317.0,,,,,,,,,,,,
1318.0,True,,True,,1318.0,1.0,,,,,1318.0,1.0
1319.0,,,,,,,,,,,,
1320.0,True,,True,,1320.0,1.0,,,,,1320.0,1.0
1321.0,,,,,,,,,,,,
1322.0,True,,True,,1322.0,1.0,,,,,1322.0,1.0
1323.0,,,,,,,,,,,,
1324.0,True,,,,1324.0,1.0,,,,,,
1325.0,,,True,,,,,,,,1324.0,2.0
1326.0,,,,,,,,,,,,
1327.0,True,,True,,1327.0,1.0,,,,,1327.0,1.0
1328.0,,,,,,,,,,,,
1329.0,True,,True,,1329.0,1.0,,,,,1329.0,1.0
1330.0,,,,,,,,,,,,
1331.0,True,,True,,1331.0,1.0,,,,,1331.0,1.0
1332.0,,,,,,,,,,,,
1333.0,True,,True,,1333.0,1.0,,,,,1333.0,1.0
1334.0,,,,,,,,,,,,
1335.0,True,,True,,1335.0,1.0,,,,,1335.0,1.0
1336.0,,,,,,,,,,,,
1337.0,True,,True,,1337.0,1.0,,,,,1337.0,1.0
1338.0,,,,,,,,,,,,
1339.0,True,,True,,1339.0,1.0,,,,,1339.0,1.0
1340.0,,,,,,,,,,,,
1341.0,True,,True,,1341.0,1.0,,,,,1341.0,1.0
1342.0,,,,,,,,,,,,
1343.0,True,,True,,1343.0,1.0,,,,,1343.0,1.0
1344.0,,,,,,,,,,,,
1345.0,True,,,,1345.0,1.0,,,,,,
1346.0,,,True,,,,,,,,1345.0,2.0
1347.0,True,,,,1347.0,1.0,,,,,,
1348.0,,,True,,,,,,,,1348.0,1.0
1349.0,True,,,,1349.0,1.0,,,,,,
1350.0,,,True,,,,,,,,1350.0,1.0
1351.0,True,,,,1351.0,1.0,,,,,,
1352.0,,,True,,,,,,,,1352.0,1.0
1353.0,True,,,,1353.0,1.0,,,,,,
1354.0,,,True,,,,,,,,1354.0,1.0
1355.0,True,,,,1355.0,1.0,,,,,,
1356.0,,,True,,,,,,,,1356.0,1.0
1357.0,True,,,,1357.0,1.0,,,,,,
1358.0,,,True,,,,,,,,1358.0,1.0
1359.0,True,,,,1359.0,1.0,,,,,,
1360.0,,,True,,,,,,,,1360.0,1.0
1361.0,True,,,,1361.0,1.0,,,,,,
1362.0,,,True,,,,,,,,1362.0,1.0
1363.0,True,,,,1363.0,1.0,,,,,,
1364.0,,,True,,,,,,,,1364.0,1.0
1365.0,True,,,,1365.0,1.0,,,,,,
1366.0,,,,,,,,,,,,
1367.0,,,True,,,,,,,,1366.0,2.0
1368.0,True,,,,1367.0,2.0,,,,,,
1369.0,,,True,,,,,,,,1369.0,1.0
1370.0,True,,,,1370.0,1.0,,,,,,
1371.0,,,True,,,,,,,,1371.0,1.0
1372.0,True,,,,1372.0,1.0,,,,,,
1373.0,,,True,,,,,,,,1373.0,1.0
1374.0,True,,,,1374.0,1.0,,,,,,
1375.0,,,True,,,,,,,,1375.0,1.0
1376.0,True,,,,1376.0,1.0,,,,,,
1377.0,,,True,,,,,,,,1377.0,1.0
1378.0,,,,,,,,,,,,
1379.0,,,True,,,,,,,,1379.0,1.0
1380.0,,,,,,,,,,,,
1381.0,,,True,,,,,,,,1381.0,1.0
1382.0,,,,,,,,,,,,
1383.0,,,True,,,,,,,,1383.0,1.0
1384.0,,,,,,,,,,,,
1385.0,,,True,,,,,,,,1385.0,1.0
1386.0,True,,,,1378.0,9.0,,,,,,
1387.0,,,,,,,,,,,,
1388.0,True,,,,1388.0,1.0,,,,,,
1389.0,,,,,,,,,,,,
1390.0,,,True,,,,,,,,1387.0,4.0
1391.0,True,,,,1391.0,1.0,,,,,,
1392.0,,,True,,,,,,,,1392.0,1.0
1393.0,,,,,,,,,,,,
1394.0,,,True,,,,,,,,1394.0,1.0
1395.0,,,,,,,,,,,,
1396.0,,,True,,,,,,,,1396.0,1.0
1397.0,,,,,,,,,,,,
1398.0,,,True,,,,,,,,1398.0,1.0
1399.0,True,,,,1393.0,7.0,,,,,,
1400.0,,,True,,,,,,,,1400.0,1.0
1401.0,,,,,,,,,,,,
1402.0,,,True,,,,,,,,1402.0,1.0
1403.0,True,,,,1403.0,1.0,,,,,,
1404.0,,,True,,,,,,,,1404.0,1.0
1405.0,,,,,,,,,,,,
1406.0,,,True,,,,,,,,1406.0,1.0
1407.0,True,True,,,1405.0,3.0,1241.0,167.0,,,,
1408.0,,,True,True,,,,,1408.0,1.0,1408.0,1.0
1409.0,,,,,,,,,,,,
1410.0,,,,,,,,,,,,
1411.0,,,True,,,,,,,,1410.0,2.0
1412.0,True,,,,1409.0,4.0,,,,,,
1413.0,,,True,,,,,,,,1413.0,1.0
1414.0,,,,,,,,,,,,
1415.0,,,True,,,,,,,,1415.0,1.0
1416.0,True,,,,1414.0,3.0,,,,,,
1417.0,,,True,,,,,,,,1417.0,1.0
1418.0,True,,,,1418.0,1.0,,,,,,
1419.0,,,True,,,,,,,,1419.0,1.0
1420.0,,,,,,,,,,,,
1421.0,,,True,,,,,,,,1421.0,1.0
1422.0,,,,,,,,,,,,
1423.0,,,True,,,,,,,,1423.0,1.0
1424.0,,,,,,,,,,,,
1425.0,True,,True,,1420.0,6.0,,,,,1425.0,1.0
1426.0,,,,,,,,,,,,
1427.0,True,,True,,1427.0,1.0,,,,,1427.0,1.0
1428.0,,,,,,,,,,,,
1429.0,True,,,,1429.0,1.0,,,,,,
1430.0,,,True,,,,,,,,1429.0,2.0
1431.0,True,,,,1431.0,1.0,,,,,,
1432.0,,,True,,,,,,,,1432.0,1.0
1433.0,True,,,,1433.0,1.0,,,,,,
1434.0,,,True,,,,,,,,1434.0,1.0
1435.0,True,,,,1435.0,1.0,,,,,,
1436.0,,,True,,,,,,,,1436.0,1.0
1437.0,True,,,,1437.0,1.0,,,,,,
1438.0,,,True,,,,,,,,1438.0,1.0
1439.0,True,,,,1439.0,1.0,,,,,,
1440.0,,,True,,,,,,,,1440.0,1.0
1441.0,True,,,,1441.0,1.0,,,,,,
1442.0,,,True,,,,,,,,1442.0,1.0
1443.0,True,,,,1443.0,1.0,,,,,,
1444.0,,,True,,,,,,,,1444.0,1.0
1445.0,True,,,,1445.0,1.0,,,,,,
1446.0,,,True,,,,,,,,1446.0,1.0
1447.0,True,,,,1447.0,1.0,,,,,,
1448.0,,,True,,,,,,,,1448.0,1.0
1449.0,True,,,,1449.0,1.0,,,,,,
1450.0,,,,,,,,,,,,
1451.0,,,,,,,,,,,,
1452.0,,,True,,,,,,,,1450.0,3.0
1453.0,True,,,,1453.0,1.0,,,,,,
1454.0,,,True,,,,,,,,1454.0,1.0
1455.0,True,,,,1455.0,1.0,,,,,,
1456.0,,,True,,,,,,,,1456.0,1.0
1457.0,True,,,,1457.0,1.0,,,,,,
1458.0,,,True,,,,,,,,1458.0,1.0
1459.0,True,,,,1459.0,1.0,,,,,,
1460.0,,,True,,,,,,,,1460.0,1.0
1461.0,True,,,,1461.0,1.0,,,,,,
1462.0,,,True,,,,,,,,1462.0,1.0
1463.0,True,,,,1463.0,1.0,,,,,,
1464.0,,,True,,,,,,,,1464.0,1.0
1465.0,True,,,,1465.0,1.0,,,,,,
1466.0,,,True,,,,,,,,1466.0,1.0
1467.0,True,,,,1467.0,1.0,,,,,,
1468.0,,,True,,,,,,,,1468.0,1.0
1469.0,True,,,,1469.0,1.0,,,,,,
1470.0,,,True,,,,,,,,1470.0,1.0
1471.0,True,,,,1471.0,1.0,,,,,,
1472.0,,,,,,,,,,,,
1473.0,,,True,,,,,,,,1472.0,2.0
1474.0,True,,,,1473.0,2.0,,,,,,
1475.0,,,True,,,,,,,,1475.0,1.0
1476.0,True,,,,1476.0,1.0,,,,,,
1477.0,,,True,,,,,,,,1477.0,1.0
1478.0,True,,,,1478.0,1.0,,,,,,
1479.0,,,True,,,,,,,,1479.0,1.0
1480.0,True,,,,1480.0,1.0,,,,,,
1481.0,,,True,,,,,,,,1481.0,1.0
1482.0,True,,,,1482.0,1.0,,,,,,
1483.0,,,True,,,,,,,,1483.0,1.0
1484.0,True,,,,1484.0,1.0,,,,,,
1485.0,,,True,,,,,,,,1485.0,1.0
1486.0,True,,,,1486.0,1.0,,,,,,
1487.0,,,True,,,,,,,,1487.0,1.0
1488.0,True,,,,1488.0,1.0,,,,,,
1489.0,,,True,,,,,,,,1489.0,1.0
1490.0,True,,,,1490.0,1.0,,,,,,
1491.0,,,True,,,,,,,,1491.0,1.0
1492.0,,,,,,,,,,,,
1493.0,,,,,,,,,,,,
1494.0,,,,,,,,,,,,
1495.0,,,True,,,,,,,,1495.0,1.0
1496.0,,,,,,,,,,,,
1497.0,,,True,,,,,,,,1497.0,1.0
1498.0,,,,,,,,,,,,
1499.0,,,True,,,,,,,,1499.0,1.0
1500.0,,,,,,,,,,,,
1501.0,,,True,,,,,,,,1501.0,1.0
1502.0,,,,,,,,,,,,
1503.0,,,True,,,,,,,,1503.0,1.0
1504.0,,,,,,,,,,,,
1505.0,,,True,,,,,,,,1505.0,1.0
1506.0,,,,,,,,,,,,
1507.0,,,True,,,,,,,,1507.0,1.0
1508.0,,,,,,,,,,,,
1509.0,,,True,,,,,,,,1509.0,1.0
1510.0,,,,,,,,,,,,
1511.0,,,True,,,,,,,,1511.0,1.0
1512.0,,,,,,,,,,,,
1513.0,,,True,,,,,,,,1513.0,1.0
1514.0,,,,,,,,,,,,
1515.0,,,,,,,,,,,,
1516.0,True,,True,,1516.0,1.0,,,,,1515.0,2.0
1517.0,,,,,,,,,,,,
1518.0,True,,True,,1518.0,1.0,,,,,1518.0,1.0
1519.0,,,,,,,,,,,,
1520.0,True,,True,,1520.0,1.0,,,,,1520.0,1.0
1521.0,,,,,,,,,,,,
1522.0,True,,True,,1522.0,1.0,,,,,1522.0,1.0
1523.0,,,,,,,,,,,,
1524.0,True,,True,,1524.0,1.0,,,,,1524.0,1.0
1525.0,,,,,,,,,,,,
1526.0,True,,True,,1526.0,1.0,,,,,1526.0,1.0
1527.0,,,,,,,,,,,,
1528.0,True,,True,,1528.0,1.0,,,,,1528.0,1.0
1529.0,,,,,,,,,,,,
1530.0,,,True,,,,,,,,1530.0,1.0
1531.0,,,,,,,,,,,,
1532.0,True,,,,1530.0,3.0,,,,,,
1533.0,,,True,,,,,,,,1532.0,2.0
1534.0,True,,,,1534.0,1.0,,,,,,
1535.0,,,True,,,,,,,,1535.0,1.0
1536.0,True,,,,1536.0,1.0,,,,,,
1537.0,,,True,,,,,,,,1537.0,1.0
1538.0,True,,,,1538.0,1.0,,,,,,
1539.0,,,True,,,,,,,,1539.0,1.0
1540.0,True,,,,1540.0,1.0,,,,,,
1541.0,,,True,,,,,,,,1541.0,1.0
1542.0,True,,,,1542.0,1.0,,,,,,
1543.0,,,True,,,,,,,,1543.0,1.0
1544.0,True,,,,1544.0,1.0,,,,,,
1545.0,,,True,,,,,,,,1545.0,1.0
1546.0,True,,,,1546.0,1.0,,,,,,
1547.0,,,True,,,,,,,,1547.0,1.0
1548.0,True,,,,1548.0,1.0,,,,,,
1549.0,,,True,,,,,,,,1549.0,1.0
1550.0,True,,,,1550.0,1.0,,,,,,
1551.0,,,True,,,,,,,,1551.0,1.0
1552.0,True,,,,1552.0,1.0,,,,,,
1553.0,,,True,,,,,,,,1553.0,1.0
1554.0,True,,,,1554.0,1.0,,,,,,
1555.0,,,True,,,,,,,,1555.0,1.0
1556.0,,,,,,,,,,,,
1557.0,True,,,,1556.0,2.0,,,,,,
1558.0,,,True,,,,,,,,1557.0,2.0
1559.0,True,,,,1559.0,1.0,,,,,,
1560.0,,,True,,,,,,,,1560.0,1.0
1561.0,True,,,,1561.0,1.0,,,,,,
1562.0,,,True,,,,,,,,1562.0,1.0
1563.0,True,,,,1563.0,1.0,,,,,,
1564.0,,,True,,,,,,,,1564.0,1.0
1565.0,True,,,,1565.0,1.0,,,,,,
1566.0,,,True,,,,,,,,1566.0,1.0
1567.0,True,,,,1567.0,1.0,,,,,,
1568.0,,,True,,,,,,,,1568.0,1.0
1569.0,True,,,,1569.0,1.0,,,,,,
1570.0,,,True,,,,,,,,1570.0,1.0
1571.0,True,,,,1571.0,1.0,,,,,,
1572.0,,,True,,,,,,,,1572.0,1.0
1573.0,True,,,,1573.0,1.0,,,,,,
1574.0,,,True,,,,,,,,1574.0,1.0
1575.0,True,,,,1575.0,1.0,,,,,,
1576.0,,,True,,,,,,,,1576.0,1.0
1577.0,,,,,,,,,,,,
1578.0,True,,,,1577.0,2.0,,,,,,
1579.0,,,True,,,,,,,,1578.0,2.0
1580.0,True,,,,1580.0,1.0,,,,,,
1581.0,,,True,,,,,,,,1581.0,1.0
1582.0,True,,,,1582.0,1.0,,,,,,
1583.0,,,True,,,,,,,,1583.0,1.0
1584.0,True,,,,1584.0,1.0,,,,,,
1585.0,,,True,,,,,,,,1585.0,1.0
1586.0,True,,,,1586.0,1.0,,,,,,
1587.0,,,True,,,,,,,,1587.0,1.0
1588.0,True,,,,1588.0,1.0,,,,,,
1589.0,,,True,,,,,,,,1589.0,1.0
1590.0,True,,,,1590.0,1.0,,,,,,
1591.0,,,True,,,,,,,,1591.0,1.0
1592.0,True,,,,1592.0,1.0,,,,,,
1593.0,,,True,,,,,,,,1593.0,1.0
1594.0,True,,,,1594.0,1.0,,,,,,
1595.0,,,True,,,,,,,,1595.0,1.0
1596.0,True,,,,1596.0,1.0,,,,,,
1597.0,,,True,,,,,,,,1597.0,1.0
1598.0,True,,,,1598.0,1.0,,,,,,
1599.0,,,,,,,,,,,,
1600.0,,,,,,,,,,,,
1601.0,,,True,,,,,,,,1600.0,2.0
1602.0,True,,,,1602.0,1.0,,,,,,
1603.0,,,True,,,,,,,,1603.0,1.0
1604.0,True,,,,1604.0,1.0,,,,,,
1605.0,,,True,,,,,,,,1605.0,1.0
1606.0,True,,,,1606.0,1.0,,,,,,
1607.0,,,True,,,,,,,,1607.0,1.0
1608.0,True,,,,1608.0,1.0,,,,,,
1609.0,,,True,,,,,,,,1609.0,1.0
1610.0,True,,,,1610.0,1.0,,,,,,
1611.0,,,True,,,,,,,,1611.0,1.0
1612.0,True,,,,1612.0,1.0,,,,,,
1613.0,,,True,,,,,,,,1613.0,1.0
1614.0,True,,,,1614.0,1.0,,,,,,
1615.0,,,True,,,,,,,,1615.0,1.0
1616.0,True,,,,1616.0,1.0,,,,,,
1617.0,,,True,,,,,,,,1617.0,1.0
1618.0,True,True,,,1618.0,1.0,1409.0,210.0,,,,
1619.0,,,True,True,,,,,1619.0,1.0,1619.0,1.0
1620.0,True,,,,1620.0,1.0,,,,,,
1621.0,,,,,,,,,,,,
1622.0,True,,True,,1622.0,1.0,,,,,1622.0,1.0
1623.0,,,,,,,,,,,,
1624.0,True,,True,,1624.0,1.0,,,,,1624.0,1.0
1625.0,,,,,,,,,,,,
1626.0,True,,True,,1626.0,1.0,,,,,1626.0,1.0
1627.0,,,,,,,,,,,,
1628.0,True,,True,,1628.0,1.0,,,,,1628.0,1.0
1629.0,,,,,,,,,,,,
1630.0,,,True,,,,,,,,1630.0,1.0
1631.0,,,,,,,,,,,,
1632.0,,,True,,,,,,,,1632.0,1.0
1633.0,,,,,,,,,,,,
1634.0,,,True,,,,,,,,1634.0,1.0
1635.0,,,,,,,,,,,,
1636.0,,,True,,,,,,,,1636.0,1.0
1637.0,,,,,,,,,,,,
1638.0,,,True,,,,,,,,1638.0,1.0
1639.0,,,,,,,,,,,,
1640.0,,,True,,,,,,,,1640.0,1.0
1641.0,,,,,,,,,,,,
1642.0,True,,,,1642.0,1.0,,,,,,
1643.0,,,True,,,,,,,,1643.0,1.0
1644.0,True,,,,1644.0,1.0,,,,,,
1645.0,,,True,,,,,,,,1645.0,1.0
1646.0,True,,,,1646.0,1.0,,,,,,
1647.0,,,True,,,,,,,,1647.0,1.0
1648.0,,,,,,,,,,,,
1649.0,,,True,,,,,,,,1649.0,1.0
1650.0,,,,,,,,,,,,
1651.0,,,True,,,,,,,,1651.0,1.0
1652.0,,,,,,,,,,,,
1653.0,,,True,,,,,,,,1653.0,1.0
1654.0,,,,,,,,,,,,
1655.0,,,True,,,,,,,,1655.0,1.0
1656.0,,,,,,,,,,,,
1657.0,,,,,,,,,,,,
1658.0,True,,True,,1648.0,11.0,,,,,1657.0,2.0
1659.0,,,,,,,,,,,,
1660.0,True,,True,,1660.0,1.0,,,,,1660.0,1.0
1661.0,,,,,,,,,,,,
1662.0,True,,,,1662.0,1.0,,,,,,
1663.0,,,,,,,,,,,,
1664.0,,,True,,,,,,,,1664.0,1.0
1665.0,,,,,,,,,,,,
1666.0,,,True,,,,,,,,1666.0,1.0
1667.0,,,,,,,,,,,,
1668.0,,,True,,,,,,,,1668.0,1.0
1669.0,,,,,,,,,,,,
1670.0,,,True,,,,,,,,1670.0,1.0
1671.0,,,,,,,,,,,,
1672.0,,,True,,,,,,,,1672.0,1.0
1673.0,,,,,,,,,,,,
1674.0,,,True,,,,,,,,1674.0,1.0
1675.0,,,,,,,,,,,,
1676.0,,,True,,,,,,,,1676.0,1.0
1677.0,,,,,,,,,,,,
1678.0,,,True,,,,,,,,1678.0,1.0
1679.0,,,,,,,,,,,,
1680.0,,,True,,,,,,,,1680.0,1.0
1681.0,,,,,,,,,,,,
1682.0,,,,,,,,,,,,
1683.0,,,,,,,,,,,,
1684.0,,,True,,,,,,,,1682.0,3.0
1685.0,,,,,,,,,,,,
1686.0,,,True,,,,,,,,1686.0,1.0
1687.0,,,,,,,,,,,,
1688.0,,,True,,,,,,,,1688.0,1.0
1689.0,True,,,,1664.0,26.0,,,,,,
1690.0,,,True,,,,,,,,1690.0,1.0
1691.0,True,,,,1691.0,1.0,,,,,,
1692.0,,,True,,,,,,,,1692.0,1.0
1693.0,True,,,,1693.0,1.0,,,,,,
1694.0,,,True,,,,,,,,1694.0,1.0
1695.0,True,,,,1695.0,1.0,,,,,,
1696.0,,,True,,,,,,,,1696.0,1.0
1697.0,True,,,,1697.0,1.0,,,,,,
1698.0,,,True,,,,,,,,1698.0,1.0
1699.0,True,,,,1699.0,1.0,,,,,,
1700.0,,,True,,,,,,,,1700.0,1.0
1701.0,True,,,,1701.0,1.0,,,,,,
1702.0,,,True,,,,,,,,1702.0,1.0
1703.0,,,,,,,,,,,,
1704.0,,,,,,,,,,,,
1705.0,,,,,,,,,,,,
1706.0,,,True,,,,,,,,1706.0,1.0
1707.0,,,,,,,,,,,,
1708.0,,,True,,,,,,,,1708.0,1.0
1709.0,,,,,,,,,,,,
1710.0,,,True,,,,,,,,1710.0,1.0
1711.0,,,,,,,,,,,,
1712.0,,,True,,,,,,,,1712.0,1.0
1713.0,,,,,,,,,,,,
1714.0,,,True,,,,,,,,1714.0,1.0
1715.0,,,,,,,,,,,,
1716.0,,,True,,,,,,,,1716.0,1.0
1717.0,,,,,,,,,,,,
1718.0,,,True,,,,,,,,1718.0,1.0
1719.0,,,,,,,,,,,,
1720.0,,,True,,,,,,,,1720.0,1.0
1721.0,,,,,,,,,,,,
1722.0,,,True,,,,,,,,1722.0,1.0
1723.0,,,,,,,,,,,,
1724.0,,,,,,,,,,,,
1725.0,,,,,,,,,,,,
1726.0,,,True,,,,,,,,1724.0,3.0
1727.0,,,,,,,,,,,,
1728.0,,,True,,,,,,,,1728.0,1.0
1729.0,,,,,,,,,,,,
1730.0,,,True,,,,,,,,1730.0,1.0
1731.0,,,,,,,,,,,,
1732.0,True,,True,,1703.0,30.0,,,,,1732.0,1.0
1733.0,,,,,,,,,,,,
1734.0,True,,True,,1734.0,1.0,,,,,1734.0,1.0
1735.0,,,,,,,,,,,,
1736.0,True,,True,,1736.0,1.0,,,,,1736.0,1.0
1737.0,,,,,,,,,,,,
1738.0,True,,True,,1738.0,1.0,,,,,1738.0,1.0
1739.0,,,,,,,,,,,,
1740.0,True,,True,,1740.0,1.0,,,,,1740.0,1.0
1741.0,,,,,,,,,,,,
1742.0,True,,True,,1742.0,1.0,,,,,1742.0,1.0
1743.0,,,,,,,,,,,,
1744.0,True,,True,,1744.0,1.0,,,,,1744.0,1.0
1745.0,,,,,,,,,,,,
1746.0,,,,,,,,,,,,
1747.0,,,,,,,,,,,,
1748.0,True,,True,,1748.0,1.0,,,,,1748.0,1.0
1749.0,,,,,,,,,,,,
1750.0,True,,True,,1750.0,1.0,,,,,1750.0,1.0
1751.0,,,,,,,,,,,,
1752.0,True,,True,,1752.0,1.0,,,,,1752.0,1.0
1753.0,,,,,,,,,,,,
1754.0,True,,True,,1754.0,1.0,,,,,1754.0,1.0
1755.0,,,,,,,,,,,,
1756.0,True,,True,,1756.0,1.0,,,,,1756.0,1.0
1757.0,,,,,,,,,,,,
1758.0,True,,True,,1758.0,1.0,,,,,1758.0,1.0
1759.0,,,,,,,,,,,,
1760.0,,,True,,,,,,,,1760.0,1.0
1761.0,,,,,,,,,,,,
1762.0,,,True,,,,,,,,1762.0,1.0
1763.0,,,,,,,,,,,,
1764.0,,,True,,,,,,,,1764.0,1.0
1765.0,,,,,,,,,,,,
1766.0,,,,,,,,,,,,
1767.0,,,,,,,,,,,,
1768.0,,,True,,,,,,,,1766.0,3.0
1769.0,True,,,,1769.0,1.0,,,,,,
1770.0,,,True,,,,,,,,1770.0,1.0
1771.0,True,,,,1771.0,1.0,,,,,,
1772.0,,,True,,,,,,,,1772.0,1.0
1773.0,True,,,,1773.0,1.0,,,,,,
1774.0,,,True,,,,,,,,1774.0,1.0
1775.0,True,,,,1775.0,1.0,,,,,,
1776.0,,,True,,,,,,,,1776.0,1.0
1777.0,True,,,,1777.0,1.0,,,,,,
1778.0,,,True,,,,,,,,1778.0,1.0
1779.0,True,,,,1779.0,1.0,,,,,,
1780.0,,,True,,,,,,,,1780.0,1.0
1781.0,True,,,,1781.0,1.0,,,,,,
1782.0,,,True,,,,,,,,1782.0,1.0
1783.0,True,,,,1783.0,1.0,,,,,,
1784.0,,,True,,,,,,,,1784.0,1.0
1785.0,True,,,,1785.0,1.0,,,,,,
1786.0,,,True,,,,,,,,1786.0,1.0
1787.0,True,,,,1787.0,1.0,,,,,,
1788.0,,,,,,,,,,,,
1789.0,True,,True,,1789.0,1.0,,,,,1788.0,2.0
1790.0,,,,,,,,,,,,
1791.0,,,True,,,,,,,,1791.0,1.0
1792.0,,,,,,,,,,,,
1793.0,,,True,,,,,,,,1793.0,1.0
1794.0,,,,,,,,,,,,
1795.0,,,True,,,,,,,,1795.0,1.0
1796.0,,,,,,,,,,,,
1797.0,,,True,,,,,,,,1797.0,1.0
1798.0,True,,,,1798.0,1.0,,,,,,
1799.0,,,True,,,,,,,,1799.0,1.0
1800.0,True,,,,1800.0,1.0,,,,,,
1801.0,,,True,,,,,,,,1801.0,1.0
1802.0,True,,,,1802.0,1.0,,,,,,
1803.0,,,True,,,,,,,,1803.0,1.0
1804.0,True,,,,1804.0,1.0,,,,,,
1805.0,,,True,,,,,,,,1805.0,1.0
1806.0,True,,,,1806.0,1.0,,,,,,
1807.0,,,True,,,,,,,,1807.0,1.0
1808.0,,,,,,,,,,,,
1809.0,,,,,,,,,,,,
1810.0,True,,,,1808.0,3.0,,,,,,
1811.0,,,,,,,,,,,,
1812.0,,,True,,,,,,,,1811.0,2.0
1813.0,True,,,,1813.0,1.0,,,,,,
1814.0,,,True,,,,,,,,1814.0,1.0
1815.0,True,,,,1815.0,1.0,,,,,,
1816.0,,,True,,,,,,,,1816.0,1.0
1817.0,,,,,,,,,,,,
1818.0,,,True,,,,,,,,1818.0,1.0
1819.0,,,,,,,,,,,,
1820.0,,,True,,,,,,,,1820.0,1.0
1821.0,,,,,,,,,,,,
1822.0,,,True,,,,,,,,1822.0,1.0
1823.0,,,,,,,,,,,,
1824.0,,,True,,,,,,,,1824.0,1.0
1825.0,,,,,,,,,,,,
1826.0,,,True,,,,,,,,1826.0,1.0
1827.0,,,,,,,,,,,,
1828.0,,,True,,,,,,,,1828.0,1.0
1829.0,True,True,,,1817.0,13.0,1620.0,210.0,,,,
1830.0,,,,,,,,,,,,
1831.0,,,,,,,,,,,,
1832.0,,,True,,,,,,,,1830.0,3.0
1833.0,,,,True,,,,,1830.0,4.0,,
1834.0,,,,,,,,,,,,
1835.0,,,,,,,,,,,,
1836.0,,,True,,,,,,,,1834.0,3.0
1837.0,,,,,,,,,,,,
1838.0,,,True,,,,,,,,1838.0,1.0
1839.0,,,,,,,,,,,,
1840.0,,,True,,,,,,,,1840.0,1.0
1841.0,,,,,,,,,,,,
1842.0,,,True,,,,,,,,1842.0,1.0
1843.0,,,,,,,,,,,,
1844.0,,,True,,,,,,,,1844.0,1.0
1845.0,,,,,,,,,,,,
1846.0,,,True,,,,,,,,1846.0,1.0
1847.0,,,,,,,,,,,,
1848.0,,,True,,,,,,,,1848.0,1.0
1849.0,,,,,,,,,,,,
1850.0,,,True,,,,,,,,1850.0,1.0
1851.0,,,,,,,,,,,,
1852.0,,,,,,,,,,,,
1853.0,,,True,,,,,,,,1852.0,2.0
1854.0,True,,,,1853.0,2.0,,,,,,
1855.0,,,True,,,,,,,,1855.0,1.0
1856.0,True,,,,1856.0,1.0,,,,,,
1857.0,,,True,,,,,,,,1857.0,1.0
1858.0,True,,,,1858.0,1.0,,,,,,
1859.0,,,True,,,,,,,,1859.0,1.0
1860.0,True,,,,1860.0,1.0,,,,,,
1861.0,,,True,,,,,,,,1861.0,1.0
1862.0,True,,,,1862.0,1.0,,,,,,
1863.0,,,True,,,,,,,,1863.0,1.0
1864.0,True,,,,1864.0,1.0,,,,,,
1865.0,,,True,,,,,,,,1865.0,1.0
1866.0,True,,,,1866.0,1.0,,,,,,
1867.0,,,True,,,,,,,,1867.0,1.0
1868.0,True,,,,1868.0,1.0,,,,,,
1869.0,,,True,,,,,,,,1869.0,1.0
1870.0,True,,,,1870.0,1.0,,,,,,
1871.0,,,True,,,,,,,,1871.0,1.0
1872.0,,,,,,,,,,,,
1873.0,,,,,,,,,,,,
1874.0,,,,,,,,,,,,
1875.0,,,True,,,,,,,,1875.0,1.0
1876.0,,,,,,,,,,,,
1877.0,,,True,,,,,,,,1877.0,1.0
1878.0,,,,,,,,,,,,
1879.0,,,True,,,,,,,,1879.0,1.0
1880.0,,,,,,,,,,,,
1881.0,,,True,,,,,,,,1881.0,1.0
1882.0,,,,,,,,,,,,
1883.0,,,True,,,,,,,,1883.0,1.0
1884.0,,,,,,,,,,,,
1885.0,,,True,,,,,,,,1885.0,1.0
1886.0,,,,,,,,,,,,
1887.0,,,True,,,,,,,,1887.0,1.0
1888.0,,,,,,,,,,,,
1889.0,,,True,,,,,,,,1889.0,1.0
1890.0,True,,,,1872.0,19.0,,,,,,
1891.0,,,True,,,,,,,,1891.0,1.0
1892.0,True,,,,1892.0,1.0,,,,,,
1893.0,,,,,,,,,,,,
1894.0,,,,,,,,,,,,
1895.0,,,True,,,,,,,,1893.0,3.0
1896.0,,,,,,,,,,,,
1897.0,,,True,,,,,,,,1897.0,1.0
1898.0,True,,,,1898.0,1.0,,,,,,
1899.0,,,True,,,,,,,,1899.0,1.0
1900.0,True,,,,1900.0,1.0,,,,,,
1901.0,,,True,,,,,,,,1901.0,1.0
1902.0,True,,,,1902.0,1.0,,,,,,
1903.0,,,,,,,,,,,,
1904.0,True,,,,1904.0,1.0,,,,,,
1905.0,,,True,,,,,,,,1904.0,2.0
1906.0,,,,,,,,,,,,
1907.0,,,True,,,,,,,,1907.0,1.0
1908.0,,,,,,,,,,,,
1909.0,,,True,,,,,,,,1909.0,1.0
1910.0,True,,,,1907.0,4.0,,,,,,
1911.0,,,,,,,,,,,,
1912.0,True,,,,1912.0,1.0,,,,,,
1913.0,,,True,,,,,,,,1912.0,2.0
1914.0,,,,,,,,,,,,
1915.0,,,,,,,,,,,,
1916.0,,,,,,,,,,,,
1917.0,,,True,,,,,,,,1917.0,1.0
1918.0,,,,,,,,,,,,
1919.0,,,True,,,,,,,,1919.0,1.0
1920.0,,,,,,,,,,,,
1921.0,True,,True,,1921.0,1.0,,,,,1921.0,1.0
1922.0,,,,,,,,,,,,
1923.0,True,,True,,1923.0,1.0,,,,,1923.0,1.0
1924.0,,,,,,,,,,,,
1925.0,True,,True,,1925.0,1.0,,,,,1925.0,1.0
1926.0,,,,,,,,,,,,
1927.0,,,True,,,,,,,,1927.0,1.0
1928.0,,,,,,,,,,,,
1929.0,,,True,,,,,,,,1929.0,1.0
1930.0,,,,,,,,,,,,
1931.0,,,True,,,,,,,,1931.0,1.0
1932.0,,,,,,,,,,,,
1933.0,,,True,,,,,,,,1933.0,1.0
1934.0,,,,,,,,,,,,
1935.0,,,,,,,,,,,,
1936.0,,,,,,,,,,,,
1937.0,,,,,,,,,,,,
1938.0,,,,,,,,,,,,
1939.0,,,,,,,,,,,,
1940.0,,,,,,,,,,,,
1941.0,,,True,,,,,,,,1935.0,7.0
1942.0,,,,,,,,,,,,
1943.0,,,True,,,,,,,,1943.0,1.0
1944.0,,,,,,,,,,,,
1945.0,,,True,,,,,,,,1945.0,1.0
1946.0,,,,,,,,,,,,
1947.0,,,True,,,,,,,,1947.0,1.0
1948.0,,,,,,,,,,,,
1949.0,,,True,,,,,,,,1949.0,1.0
1950.0,,,,,,,,,,,,
1951.0,,,True,,,,,,,,1951.0,1.0
1952.0,,,,,,,,,,,,
1953.0,,,True,,,,,,,,1953.0,1.0
1954.0,,,,,,,,,,,,
1955.0,,,True,,,,,,,,1955.0,1.0
1956.0,,,,,,,,,,,,
1957.0,,,True,,,,,,,,1957.0,1.0
1958.0,True,,,,1958.0,1.0,,,,,,
1959.0,,,True,,,,,,,,1959.0,1.0
1960.0,,,,,,,,,,,,
1961.0,,,True,,,,,,,,1961.0,1.0
1962.0,,,,,,,,,,,,
1963.0,,,True,,,,,,,,1963.0,1.0
1964.0,,,,,,,,,,,,
1965.0,,,True,,,,,,,,1965.0,1.0
1966.0,,,,,,,,,,,,
1967.0,,,True,,,,,,,,1967.0,1.0
1968.0,,,,,,,,,,,,
1969.0,,,True,,,,,,,,1969.0,1.0
1970.0,,,,,,,,,,,,
1971.0,,,True,,,,,,,,1971.0,1.0
1972.0,,,,,,,,,,,,
1973.0,,,True,,,,,,,,1973.0,1.0
1974.0,,,,,,,,,,,,
1975.0,,,True,,,,,,,,1975.0,1.0
1976.0,,,,,,,,,,,,
1977.0,,,True,,,,,,,,1977.0,1.0
1978.0,,,,,,,,,,,,
1979.0,True,,True,,1979.0,1.0,,,,,1979.0,1.0
1980.0,,,,,,,,,,,,
1981.0,,,True,,,,,,,,1981.0,1.0
1982.0,,,,,,,,,,,,
1983.0,,,True,,,,,,,,1983.0,1.0
1984.0,,,,,,,,,,,,
1985.0,,,True,,,,,,,,1985.0,1.0
1986.0,,,,,,,,,,,,
1987.0,,,True,,,,,,,,1987.0,1.0
1988.0,,,,,,,,,,,,
1989.0,,,True,,,,,,,,1989.0,1.0
1990.0,,,,,,,,,,,,
1991.0,,,True,,,,,,,,1991.0,1.0
1992.0,,,,,,,,,,,,
1993.0,,,True,,,,,,,,1993.0,1.0
1994.0,,,,,,,,,,,,
1995.0,,,True,,,,,,,,1995.0,1.0
1996.0,,,,,,,,,,,,
1997.0,,,True,,,,,,,,1997.0,1.0
1998.0,,,,,,,,,,,,
1999.0,,,True,,,,,,,,1999.0,1.0
2000.0,True,,,,2000.0,1.0,,,,,,
2001.0,,,True,,,,,,,,2001.0,1.0
2002.0,,,,,,,,,,,,
2003.0,,,True,,,,,,,,2003.0,1.0
2004.0,,,,,,,,,,,,
2005.0,,,True,,,,,,,,2005.0,1.0
2006.0,,,,,,,,,,,,
2007.0,,,True,,,,,,,,2007.0,1.0
2008.0,,,,,,,,,,,,
2009.0,,,True,,,,,,,,2009.0,1.0
2010.0,,,,,,,,,,,,
2011.0,,,,,,,,,,,,
2012.0,,,,,,,,,,,,
2013.0,,,,,,,,,,,,
2014.0,,,,,,,,,,,,
2015.0,,,,,,,,,,,,
2016.0,,,True,,,,,,,,2011.0,6.0
2017.0,,,,,,,,,,,,
2018.0,,,True,,,,,,,,2018.0,1.0
2019.0,,,,,,,,,,,,
2020.0,,,,,,,,,,,,
2021.0,True,,True,,2021.0,1.0,,,,,2020.0,2.0
2022.0,,,,,,,,,,,,
2023.0,,,,,,,,,,,,
2024.0,,,True,,,,,,,,2024.0,1.0
2025.0,,,,,,,,,,,,
2026.0,,,True,,,,,,,,2026.0,1.0
2027.0,,,,,,,,,,,,
2028.0,,,True,,,,,,,,2028.0,1.0
2029.0,,,,,,,,,,,,
2030.0,,,True,,,,,,,,2030.0,1.0
2031.0,,,,,,,,,,,,
2032.0,,,True,,,,,,,,2032.0,1.0
2033.0,,,,,,,,,,,,
2034.0,,,True,,,,,,,,2034.0,1.0
2035.0,,,,,,,,,,,,
2036.0,,,True,,,,,,,,2036.0,1.0
2037.0,True,,,,2037.0,1.0,,,,,,
2038.0,,,True,,,,,,,,2038.0,1.0
2039.0,True,,,,2039.0,1.0,,,,,,
2040.0,,,True,,,,,,,,2040.0,1.0
2041.0,True,True,,True,2041.0,1.0,2041.0,1.0,2041.0,1.0,,
2042.0,,,,,,,,,,,,
2043.0,,,,,,,,,,,,
2044.0,,,True,,,,,,,,2042.0,3.0
2045.0,,,,,,,,,,,,
2046.0,,,,,,,,,,,,
2047.0,,,True,,,,,,,,2046.0,2.0
2048.0,True,,,,2048.0,1.0,,,,,,
2049.0,,,,,,,,,,,,
2050.0,,,,,,,,,,,,
2051.0,,,True,,,,,,,,2050.0,2.0
2052.0,True,,,,2052.0,1.0,,,,,,
2053.0,,,True,,,,,,,,2053.0,1.0
2054.0,True,,,,2054.0,1.0,,,,,,
2055.0,,,,,,,,,,,,
2056.0,,,,,,,,,,,,
2057.0,,,True,,,,,,,,2056.0,2.0
2058.0,True,,,,2058.0,1.0,,,,,,
2059.0,,,True,,,,,,,,2059.0,1.0
2060.0,True,,,,2060.0,1.0,,,,,,
2061.0,,,True,,,,,,,,2061.0,1.0
2062.0,,,,,,,,,,,,
2063.0,True,,,,2062.0,2.0,,,,,,
2064.0,,,,,,,,,,,,
2065.0,,,,,,,,,,,,
2066.0,True,,True,,2065.0,2.0,,,,,2065.0,2.0
2067.0,,,,,,,,,,,,
2068.0,True,,True,,2068.0,1.0,,,,,2068.0,1.0
2069.0,,,,,,,,,,,,
2070.0,True,,True,,2070.0,1.0,,,,,2070.0,1.0
2071.0,,,,,,,,,,,,
2072.0,,,,,,,,,,,,
2073.0,,,True,,,,,,,,2073.0,1.0
2074.0,,,,,,,,,,,,
2075.0,,,True,,,,,,,,2075.0,1.0
2076.0,,,,,,,,,,,,
2077.0,,,True,,,,,,,,2077.0,1.0
2078.0,,,,,,,,,,,,
2079.0,,,True,,,,,,,,2079.0,1.0
2080.0,,,,,,,,,,,,
2081.0,,,True,,,,,,,,2081.0,1.0
2082.0,True,,,,2072.0,11.0,,,,,,
2083.0,,,True,,,,,,,,2083.0,1.0
2084.0,True,,,,2084.0,1.0,,,,,,
2085.0,,,,,,,,,,,,
2086.0,True,,True,,2086.0,1.0,,,,,2086.0,1.0
2087.0,,,,,,,,,,,,
2088.0,True,,True,,2088.0,1.0,,,,,2088.0,1.0
2089.0,,,,,,,,,,,,
2090.0,,,True,,,,,,,,2090.0,1.0
2091.0,,,,,,,,,,,,
2092.0,,,True,,,,,,,,2092.0,1.0
2093.0,,,,,,,,,,,,
2094.0,,,,,,,,,,,,
2095.0,,,,,,,,,,,,
2096.0,,,True,,,,,,,,2096.0,1.0
2097.0,,,,,,,,,,,,
2098.0,,,True,,,,,,,,2098.0,1.0
2099.0,,,,,,,,,,,,
2100.0,,,True,,,,,,,,2100.0,1.0
2101.0,,,,,,,,,,,,
2102.0,,,True,,,,,,,,2102.0,1.0
2103.0,,,,,,,,,,,,
2104.0,,,True,,,,,,,,2104.0,1.0
2105.0,,,,,,,,,,,,
2106.0,True,,,,2106.0,1.0,,,,,,
2107.0,,,True,,,,,,,,2107.0,1.0
2108.0,,,,,,,,,,,,
2109.0,,,True,,,,,,,,2109.0,1.0
2110.0,,,,,,,,,,,,
2111.0,,,True,,,,,,,,2111.0,1.0
2112.0,,,,,,,,,,,,
2113.0,,,,,,,,,,,,
2114.0,,,True,,,,,,,,2113.0,2.0
2115.0,True,,,,2115.0,1.0,,,,,,
2116.0,,,True,,,,,,,,2116.0,1.0
2117.0,,,,,,,,,,,,
2118.0,True,,,,2117.0,2.0,,,,,,
2119.0,,,True,,,,,,,,2119.0,1.0
2120.0,True,,,,2120.0,1.0,,,,,,
2121.0,,,True,,,,,,,,2121.0,1.0
2122.0,True,,,,2122.0,1.0,,,,,,
2123.0,,,True,,,,,,,,2123.0,1.0
2124.0,True,,,,2124.0,1.0,,,,,,
2125.0,,,True,,,,,,,,2125.0,1.0
2126.0,True,,,,2126.0,1.0,,,,,,
2127.0,,,,,,,,,,,,
2128.0,,,True,,,,,,,,2128.0,1.0
2129.0,True,,,,2129.0,1.0,,,,,,
2130.0,,,True,,,,,,,,2130.0,1.0
2131.0,True,,,,2131.0,1.0,,,,,,
2132.0,,,,,,,,,,,,
2133.0,,,,,,,,,,,,
2134.0,,,,,,,,,,,,
2135.0,,,True,,,,,,,,2132.0,4.0
2136.0,,,,,,,,,,,,
2137.0,,,True,,,,,,,,2137.0,1.0
2138.0,,,,,,,,,,,,
2139.0,,,True,,,,,,,,2139.0,1.0
2140.0,,,,,,,,,,,,
2141.0,,,True,,,,,,,,2141.0,1.0
2142.0,,,,,,,,,,,,
2143.0,,,,,,,,,,,,
2144.0,True,,,,2144.0,1.0,,,,,,
2145.0,,,True,,,,,,,,2144.0,2.0
2146.0,,,,,,,,,,,,
2147.0,,,,,,,,,,,,
2148.0,,,True,,,,,,,,2147.0,2.0
2149.0,True,,,,2148.0,2.0,,,,,,
2150.0,,,True,,,,,,,,2150.0,1.0
2151.0,,,,,,,,,,,,
2152.0,,,,,,,,,,,,
2153.0,,,,,,,,,,,,
2154.0,,,,,,,,,,,,
2155.0,,,,,,,,,,,,
2156.0,,,,,,,,,,,,
2157.0,,,,,,,,,,,,
2158.0,,,,,,,,,,,,
2159.0,,,,,,,,,,,,
2160.0,,,,,,,,,,,,
2161.0,,,,,,,,,,,,
2162.0,,,,,,,,,,,,
2163.0,,,,,,,,,,,,
2164.0,,,,,,,,,,,,
2165.0,,,,,,,,,,,,
2166.0,,,,,,,,,,,,
2167.0,,,,,,,,,,,,
2168.0,True,,,,2151.0,18.0,,,,,,
2169.0,,,,,,,,,,,,
2170.0,,,,,,,,,,,,
2171.0,,,,,,,,,,,,
2172.0,,,,,,,,,,,,
2173.0,,,,,,,,,,,,
2174.0,,,,,,,,,,,,
2175.0,,,,,,,,,,,,
2176.0,,,,,,,,,,,,
2177.0,,,,,,,,,,,,
2178.0,,,,,,,,,,,,
2179.0,,,,,,,,,,,,
2180.0,,,,,,,,,,,,
2181.0,,,,,,,,,,,,
2182.0,,,,,,,,,,,,
2183.0,,,,,,,,,,,,
2184.0,,,,,,,,,,,,
2185.0,,,,,,,,,,,,
2186.0,,,,,,,,,,,,
2187.0,,,,,,,,,,,,
2188.0,,,,,,,,,,,,
2189.0,,,,,,,,,,,,
2190.0,,,,,,,,,,,,
2191.0,,,,,,,,,,,,
2192.0,,,,,,,,,,,,
2193.0,,,,,,,,,,,,
2194.0,,,,,,,,,,,,
2195.0,,,,,,,,,,,,
2196.0,,,,,,,,,,,,
2197.0,,,,,,,,,,,,
2198.0,,,,,,,,,,,,
2199.0,,,,,,,,,,,,
2200.0,True,,,,2170.0,31.0,,,,,,
2201.0,,,,,,,,,,,,
2202.0,,,,,,,,,,,,
2203.0,,,,,,,,,,,,
2204.0,,,,,,,,,,,,
2205.0,,,,,,,,,,,,
2206.0,,,,,,,,,,,,
2207.0,,,,,,,,,,,,
2208.0,,,,,,,,,,,,
2209.0,,,,,,,,,,,,
2210.0,,,,,,,,,,,,
2211.0,True,,,,2209.0,3.0,,,,,,
2212.0,,,,,,,,,,,,
2213.0,,,,,,,,,,,,
2214.0,,,,,,,,,,,,
2215.0,,,,,,,,,,,,
2216.0,,,,,,,,,,,,
2217.0,,,,,,,,,,,,
2218.0,,,,,,,,,,,,
2219.0,,,,,,,,,,,,
2220.0,,,,,,,,,,,,
2221.0,,,,,,,,,,,,
2222.0,,,,,,,,,,,,
2223.0,,,,,,,,,,,,
2224.0,,,,,,,,,,,,
2225.0,,,,,,,,,,,,
2226.0,,,,,,,,,,,,
2227.0,,,,,,,,,,,,
2228.0,,,,,,,,,,,,
2229.0,,,,,,,,,,,,
2230.0,,,,,,,,,,,,
2231.0,True,,,,2216.0,16.0,,,,,,
2232.0,,,True,,,,,,,,2232.0,1.0
2233.0,,,,,,,,,,,,
2234.0,,,,,,,,,,,,
2235.0,,,,,,,,,,,,
2236.0,,,,,,,,,,,,
2237.0,,,,,,,,,,,,
2238.0,,,,,,,,,,,,
2239.0,,,,,,,,,,,,
2240.0,,,,,,,,,,,,
2241.0,,,,,,,,,,,,
2242.0,,,,,,,,,,,,
2243.0,,,,,,,,,,,,
2244.0,,,,,,,,,,,,
2245.0,,,,,,,,,,,,
2246.0,,,,,,,,,,,,
2247.0,,,,,,,,,,,,
2248.0,,,,,,,,,,,,
2249.0,,,,,,,,,,,,
2250.0,,,,,,,,,,,,
2251.0,,,,,,,,,,,,
2252.0,,,,,,,,,,,,
2253.0,True,,,,2233.0,21.0,,,,,,
2254.0,,,True,,,,,,,,2254.0,1.0
2255.0,,,,,,,,,,,,
2256.0,,,,,,,,,,,,
2257.0,,,,,,,,,,,,
2258.0,,,,,,,,,,,,
2259.0,,,,,,,,,,,,
2260.0,True,,,,2255.0,6.0,,,,,,
2261.0,,,True,,,,,,,,2261.0,1.0
2262.0,True,,,,2262.0,1.0,,,,,,
2263.0,,,True,,,,,,,,2263.0,1.0
2264.0,,,,,,,,,,,,
2265.0,,,True,,,,,,,,2265.0,1.0
2266.0,,,,,,,,,,,,
2267.0,,,True,,,,,,,,2267.0,1.0
2268.0,,,,,,,,,,,,
2269.0,,,True,,,,,,,,2269.0,1.0
2270.0,,,,,,,,,,,,
2271.0,,,True,,,,,,,,2271.0,1.0
2272.0,,,,,,,,,,,,
2273.0,,,True,,,,,,,,2273.0,1.0
2274.0,True,,,,2264.0,11.0,,,,,,
2275.0,,,True,,,,,,,,2275.0,1.0
2276.0,,,,,,,,,,,,
2277.0,,,,,,,,,,,,
2278.0,,,,,,,,,,,,
2279.0,,,,,,,,,,,,
2280.0,,,,,,,,,,,,
2281.0,,,,,,,,,,,,
2282.0,,,,,,,,,,,,
2283.0,,,,,,,,,,,,
2284.0,,,True,,,,,,,,2284.0,1.0
2285.0,,,,,,,,,,,,
2286.0,,,True,,,,,,,,2286.0,1.0
2287.0,,,,,,,,,,,,
2288.0,,,True,,,,,,,,2288.0,1.0
2289.0,True,,,,2276.0,14.0,,,,,,
2290.0,,,True,,,,,,,,2290.0,1.0
2291.0,,,,,,,,,,,,
2292.0,,,True,,,,,,,,2292.0,1.0
2293.0,,,,,,,,,,,,
2294.0,,,True,,,,,,,,2294.0,1.0
2295.0,True,,,,2291.0,5.0,,,,,,
2296.0,,,True,,,,,,,,2296.0,1.0
2297.0,,,,,,,,,,,,
2298.0,,,True,,,,,,,,2298.0,1.0
2299.0,,,,,,,,,,,,
2300.0,,,,,,,,,,,,
2301.0,,,,,,,,,,,,
2302.0,,,,,,,,,,,,
2303.0,,,,,,,,,,,,
2304.0,,,,,,,,,,,,
2305.0,,,,,,,,,,,,
2306.0,,,,,,,,,,,,
2307.0,,True,,,,,2307.0,1.0,,,,
2308.0,,,,,,,,,,,,
2309.0,,True,,,,,2309.0,1.0,,,,
2310.0,,,,,,,,,,,,
2311.0,,True,,,,,2311.0,1.0,,,,
2312.0,,,,,,,,,,,,
2313.0,,,,,,,,,,,,
2314.0,True,True,,,2297.0,18.0,2313.0,2.0,,,,
2315.0,,,,,,,,,,,,
2316.0,,,,,,,,,,,,
2317.0,,,True,,,,,,,,2317.0,1.0
2318.0,,,,,,,,,,,,
2319.0,,,,,,,,,,,,
2320.0,,,,,,,,,,,,
2321.0,,,,,,,,,,,,
2322.0,,True,,,,,2322.0,1.0,,,,
2323.0,,,,,,,,,,,,
2324.0,,,,,,,,,,,,
2325.0,True,True,,,2316.0,10.0,2324.0,2.0,,,,
2326.0,,,,,,,,,,,,
2327.0,True,,,,2327.0,1.0,,,,,,
2328.0,,,,,,,,,,,,
2329.0,True,,,,2329.0,1.0,,,,,,
2330.0,,,,,,,,,,,,
2331.0,True,True,,,2331.0,1.0,2331.0,1.0,,,,
2332.0,,,,,,,,,,,,
2333.0,,,,,,,,,,,,
2334.0,,True,,,,,2334.0,1.0,,,,
2335.0,,,,,,,,,,,,
2336.0,,True,,,,,2336.0,1.0,,,,
2337.0,,,,,,,,,,,,
2338.0,,,True,,,,,,,,2338.0,1.0
2339.0,,True,,,,,2339.0,1.0,,,,
2340.0,,,,,,,,,,,,
2341.0,,,,,,,,,,,,
2342.0,True,True,,,2333.0,10.0,2341.0,2.0,,,,
2343.0,,,,,,,,,,,,
2344.0,,,,,,,,,,,,
2345.0,,True,,,,,2345.0,1.0,,,,
2346.0,True,,,,2344.0,3.0,,,,,,
2347.0,,True,,,,,2347.0,1.0,,,,
2348.0,True,,,,2348.0,1.0,,,,,,
2349.0,,True,,,,,2349.0,1.0,,,,
2350.0,True,,,,2350.0,1.0,,,,,,
2351.0,,True,,,,,2351.0,1.0,,,,
2352.0,True,,,,2352.0,1.0,,,,,,
2353.0,,True,,,,,2353.0,1.0,,,,
2354.0,,,,,,,,,,,,
2355.0,,True,,,,,2355.0,1.0,,,,
2356.0,,,,,,,,,,,,
2357.0,,True,,,,,2357.0,1.0,,,,
2358.0,,,,,,,,,,,,
2359.0,,,True,,,,,,,,2359.0,1.0
2360.0,,,,,,,,,,,,
2361.0,True,True,,,2354.0,8.0,2360.0,2.0,,,,
2362.0,,,,,,,,,,,,
2363.0,,,,,,,,,,,,
2364.0,,True,,,,,2364.0,1.0,,,,
2365.0,,,,,,,,,,,,
2366.0,,True,,,,,2366.0,1.0,,,,
2367.0,,,,,,,,,,,,
2368.0,,True,,,,,2368.0,1.0,,,,
2369.0,,,,,,,,,,,,
2370.0,,True,,,,,2370.0,1.0,,,,
2371.0,,,,,,,,,,,,
2372.0,,,,,,,,,,,,
2373.0,True,True,,,2363.0,11.0,2372.0,2.0,,,,
2374.0,,,,,,,,,,,,
2375.0,True,True,,,2375.0,1.0,2375.0,1.0,,,,
2376.0,,,,,,,,,,,,
2377.0,True,True,,,2377.0,1.0,2377.0,1.0,,,,
2378.0,,,,,,,,,,,,
2379.0,,,,,,,,,,,,
2380.0,,,,,,,,,,,,
2381.0,,True,,,,,2381.0,1.0,,,,
2382.0,,,,,,,,,,,,
2383.0,,True,,,,,2383.0,1.0,,,,
2384.0,,,,,,,,,,,,
2385.0,,True,,,,,2385.0,1.0,,,,
2386.0,,,,,,,,,,,,
2387.0,,True,,,,,2387.0,1.0,,,,
2388.0,,,,,,,,,,,,
2389.0,,True,,,,,2389.0,1.0,,,,
2390.0,,,,,,,,,,,,
2391.0,,True,,,,,2391.0,1.0,,,,
2392.0,,,,,,,,,,,,
2393.0,,True,,,,,2393.0,1.0,,,,
2394.0,,,,,,,,,,,,
2395.0,,True,,,,,2395.0,1.0,,,,
2396.0,,,,,,,,,,,,
2397.0,,True,,,,,2397.0,1.0,,,,
2398.0,,,,,,,,,,,,
2399.0,,,,,,,,,,,,
2400.0,,,,,,,,,,,,
2401.0,,True,,,,,2399.0,3.0,,,,
2402.0,,,,,,,,,,,,
2403.0,,True,,,,,2403.0,1.0,,,,
2404.0,,,,,,,,,,,,
2405.0,,True,,,,,2405.0,1.0,,,,
2406.0,,,,,,,,,,,,
2407.0,,True,,,,,2407.0,1.0,,,,
2408.0,,,,,,,,,,,,
2409.0,,True,,,,,2409.0,1.0,,,,
2410.0,,,,,,,,,,,,
2411.0,,True,,,,,2411.0,1.0,,,,
2412.0,,,,,,,,,,,,
2413.0,,True,,,,,2413.0,1.0,,,,
2414.0,,,,,,,,,,,,
2415.0,,True,,,,,2415.0,1.0,,,,
2416.0,,,,,,,,,,,,
2417.0,,True,,,,,2417.0,1.0,,,,
2418.0,,,,,,,,,,,,
2419.0,,True,,,,,2419.0,1.0,,,,
2420.0,,,,,,,,,,,,
2421.0,,,,,,,,,,,,
2422.0,,,,,,,,,,,,
2423.0,,True,,,,,2423.0,1.0,,,,
2424.0,,,,,,,,,,,,
2425.0,,,,,,,,,,,,
2426.0,,,,True,,,,,2093.0,334.0,,
2427.0,True,,True,,2427.0,1.0,,,,,2427.0,1.0
2428.0,,,,True,,,,,2428.0,1.0,,
2429.0,True,,True,,2429.0,1.0,,,,,2429.0,1.0
2430.0,,,,True,,,,,2430.0,1.0,,
2431.0,True,,,,2431.0,1.0,,,,,,
2432.0,,,True,,,,,,,,2431.0,2.0
2433.0,,,,,,,,,,,,
2434.0,True,,,True,2434.0,1.0,,,2433.0,2.0,,
2435.0,,,True,,,,,,,,2435.0,1.0
2436.0,True,,,True,2436.0,1.0,,,2436.0,1.0,,
2437.0,,,True,,,,,,,,2437.0,1.0
2438.0,True,,,True,2438.0,1.0,,,2438.0,1.0,,
2439.0,,,True,,,,,,,,2439.0,1.0
2440.0,True,,,True,2440.0,1.0,,,2440.0,1.0,,
2441.0,,True,True,,,,2425.0,17.0,,,2441.0,1.0
2442.0,True,,,True,2442.0,1.0,,,2442.0,1.0,,
2443.0,,,True,,,,,,,,2443.0,1.0
2444.0,,,,,,,,,,,,
2445.0,,,,,,,,,,,,
2446.0,True,,,True,2444.0,3.0,,,2444.0,3.0,,
2447.0,,,True,,,,,,,,2447.0,1.0
2448.0,True,,,,2448.0,1.0,,,,,,
2449.0,,,,,,,,,,,,
2450.0,,,,,,,,,,,,
2451.0,,,,,,,,,,,,
2452.0,,,,,,,,,,,,
2453.0,,,,,,,,,,,,
